MmbCode,TipoOrigine
NBL003 ,CorsoAdulti
GZN008 ,CorsoAdulti
DMN239 ,CorsoAdulti
MSG072 ,CorsoAdulti
GDM011 ,CorsoAdulti
LNL202 ,CorsoAdulti
RBL086 ,CorsoAdulti
FDL047 ,Studente
CPD030 ,CorsoAdulti
GVZ021 ,CorsoAdulti
RST177 ,CorsoAdulti
LPR080 ,CorsoAdulti
GRV048 ,CorsoAdulti
LVL083 ,CorsoAdulti
MTC007 ,CorsoAdulti
MRR106 ,CorsoAdulti
MRR818 ,CorsoAdulti
LVC064 ,CorsoAdulti
GTR050 ,CorsoAdulti
PDZ002 ,CorsoAdulti
CSG076 ,CorsoAdulti
PNT029 ,CorsoAdulti
TVC017 ,CorsoAdulti
CRS031 ,CorsoAdulti
FRN157 ,CorsoAdulti
DSR118 ,CorsoAdulti
MSM031 ,CorsoAdulti
GML008 ,CorsoAdulti
CSD115 ,CorsoAdulti
PNT083 ,CorsoAdulti
VTR012 ,CorsoAdulti
MNS157 ,CorsoAdulti
ZPR002 ,CorsoAdulti
FCT002 ,CorsoAdulti
MLN273 ,CorsoAdulti
STR174 ,CorsoAdulti
RCL148 ,CorsoAdulti
GNZ003 ,CorsoAdulti
MCL032 ,CorsoAdulti
MDR011 ,CorsoAdulti
NBT003 ,CorsoAdulti
CFC006 ,CorsoAdulti
DNL263 ,CorsoAdulti
CST032 ,CorsoAdulti
BND005 ,CorsoAdulti
CRP114 ,CorsoAdulti
SCN039 ,CorsoAdulti
SLD100 ,CorsoAdulti
CHL001 ,CorsoAdulti
TGL005 ,CorsoAdulti
CTZ031 ,CorsoAdulti
ZDL006 ,CorsoAdulti
CSM047 ,CorsoAdulti
GLR143 ,CorsoAdulti
MNL119 ,CorsoAdulti
BRD082 ,CorsoAdulti
FZR015 ,CorsoAdulti
RFD001 ,CorsoAdulti
RSM005 ,CorsoAdulti
CRR108 ,CorsoAdulti
SCL372 ,CorsoAdulti
CHN172 ,Studente
PSN001 ,CorsoAdulti
CRC113 ,CorsoAdulti
CTC093 ,CorsoAdulti
RSN455 ,CorsoAdulti
FLC128 ,CorsoAdulti
ZNC065 ,CorsoAdulti
SCR345 ,CorsoAdulti
FLM001 ,CorsoAdulti
MNR066 ,CorsoAdulti
RZZ022 ,CorsoAdulti
VDL015 ,CorsoAdulti
PCC094 ,CorsoAdulti
MPR013 ,CorsoAdulti
CSZ093 ,CorsoAdulti
VCZ013 ,CorsoAdulti
CNN444 ,CorsoAdulti
MNR141 ,CorsoAdulti
CLD023 ,CorsoAdulti
RMN135 ,CorsoAdulti
MRT280 ,CorsoAdulti
MRT117 ,CorsoAdulti
CHN118 ,CorsoAdulti
BRR204 ,CorsoAdulti
LPR069 ,Studente
GDN015 ,CorsoAdulti
PVN006 ,CorsoAdulti
MCR024 ,CorsoAdulti
CCL044 ,CorsoAdulti
BRT108 ,CorsoAdulti
LCL122 ,CorsoAdulti
PRN541 ,CorsoAdulti
FRZ046 ,CorsoAdulti
RSN101 ,CorsoAdulti
GSR084 ,CorsoAdulti
FBL014 ,Studente
MRX050 ,CorsoAdulti
DNT105 ,CorsoAdulti
MRZ216 ,CorsoAdulti
LPL077 ,CorsoAdulti
SCL074 ,CorsoAdulti
VRP003 ,CorsoAdulti
SGN004 ,CorsoAdulti
TSV009 ,CorsoAdulti
MSL288 ,CorsoAdulti
FRN145 ,Studente
BLN172 ,CorsoAdulti
RDC005 ,CorsoAdulti
PSP036 ,CorsoAdulti
GRN421 ,CorsoAdulti
TRL144 ,CorsoAdulti
GRB011 ,CorsoAdulti
ZZP010 ,CorsoAdulti
DBD018 ,CorsoAdulti
FRC066 ,CorsoAdulti
BNL311 ,CorsoAdulti
MSS066 ,CorsoAdulti
LMR107 ,CorsoAdulti
STR180 ,CorsoAdulti
PNL124 ,CorsoAdulti
PLC215 ,CorsoAdulti
NNR077 ,CorsoAdulti
GML019 ,CorsoAdulti
VRL128 ,CorsoAdulti
FLL031 ,CorsoAdulti
BLR061 ,CorsoAdulti
MNR511 ,CorsoAdulti
PRL121 ,CorsoAdulti
VCR007 ,CorsoAdulti
MRR751 ,CorsoAdulti
DFL080 ,CorsoAdulti
MNT266 ,CorsoAdulti
FRT293 ,CorsoAdulti
NRC046 ,CorsoAdulti
RKR002 ,CorsoAdulti
BRL432 ,CorsoAdulti
BSR155 ,CorsoAdulti
TLR039 ,CorsoAdulti
PLR322 ,CorsoAdulti
FRL648 ,CorsoAdulti
PLN037 ,CorsoAdulti
NCZ016 ,CorsoAdulti
DSG019 ,CorsoAdulti
TRN123 ,CorsoAdulti
PRR091 ,CorsoAdulti
MRR816 ,CorsoAdulti
MZN159 ,CorsoAdulti
RDR056 ,CorsoAdulti
CRR666 ,CorsoAdulti
LNV020 ,CorsoAdulti
SLL236 ,CorsoAdulti
CNL406 ,CorsoAdulti
GLL272 ,CorsoAdulti
DDN070 ,CorsoAdulti
SLL111 ,CorsoAdulti
CHL031 ,CorsoAdulti
BLN101 ,CorsoAdulti
PNC044 ,Studente
SBN072 ,CorsoAdulti
SPL210 ,CorsoAdulti
SCD043 ,CorsoAdulti
TRZ114 ,CorsoAdulti
BNL450 ,CorsoAdulti
TNC060 ,CorsoAdulti
SRT104 ,CorsoAdulti
TRL432 ,CorsoAdulti
STN147 ,CorsoAdulti
GPH001 ,CorsoAdulti
STR144 ,CorsoAdulti
CRD132 ,CorsoAdulti
MRG191 ,CorsoAdulti
GGR086 ,CorsoAdulti
FRG029 ,CorsoAdulti
DSL127 ,CorsoAdulti
CNG010 ,CorsoAdulti
MGG003 ,CorsoAdulti
VNL037 ,CorsoAdulti
LNR181 ,CorsoAdulti
MCL143 ,CorsoAdulti
FLC127 ,CorsoAdulti
PNR048 ,CorsoAdulti
SCG080 ,CorsoAdulti
PDL073 ,CorsoAdulti
TMZ030 ,CorsoAdulti
BNM047 ,CorsoAdulti
DTN009 ,Studente
SNZ019 ,CorsoAdulti
SNZ070 ,CorsoAdulti
NNR013 ,CorsoAdulti
MND043 ,CorsoAdulti
VRN041 ,CorsoAdulti
VNC018 ,CorsoAdulti
DTL027 ,CorsoAdulti
CRR154 ,CorsoAdulti
LZT023 ,CorsoAdulti
GHC037 ,CorsoAdulti
MCD010 ,CorsoAdulti
LBN135 ,CorsoAdulti
SCP015 ,CorsoAdulti
SND018 ,CorsoAdulti
BRC128 ,CorsoAdulti
DLT033 ,CorsoAdulti
MNC348 ,CorsoAdulti
RMG036 ,CorsoAdulti
FRG018 ,CorsoAdulti
BCZ031 ,CorsoAdulti
CPL034 ,CorsoAdulti
MRM074 ,CorsoAdulti
FRF010 ,CorsoAdulti
BSV003 ,CorsoAdulti
VTD027 ,CorsoAdulti
BRP135 ,CorsoAdulti
VGN020 ,CorsoAdulti
PRC180 ,CorsoAdulti
SPL216 ,CorsoAdulti
BLN003 ,CorsoAdulti
GLL075 ,CorsoAdulti
CHZ009 ,CorsoAdulti
CTD044 ,CorsoAdulti
DFN075 ,CorsoAdulti
CRZ143 ,CorsoAdulti
NSR009 ,CorsoAdulti
NCL088 ,CorsoAdulti
GRR489 ,CorsoAdulti
GDZ013 ,CorsoAdulti
MNC261 ,CorsoAdulti
NTN034 ,CorsoAdulti
FNR009 ,CorsoAdulti
PRD046 ,CorsoAdulti
SNN294 ,CorsoAdulti
MSZ065 ,CorsoAdulti
RGS036 ,CorsoAdulti
FDN046 ,CorsoAdulti
RGM022 ,CorsoAdulti
BNL454 ,CorsoAdulti
NZL002 ,CorsoAdulti
RGN167 ,CorsoAdulti
PRC051 ,CorsoAdulti
PGL131 ,CorsoAdulti
SNL215 ,CorsoAdulti
PRN121 ,CorsoAdulti
MZL130 ,CorsoAdulti
BSC030 ,CorsoAdulti
CRR085 ,CorsoAdulti
PLP041 ,CorsoAdulti
CRN128 ,CorsoAdulti
DMN245 ,CorsoAdulti
RCN246 ,Studente
LSN118 ,CorsoAdulti
MGL142 ,CorsoAdulti
CSR340 ,CorsoAdulti
CFC018 ,CorsoAdulti
GNN127 ,CorsoAdulti
FRP089 ,CorsoAdulti
BLV018 ,CorsoAdulti
PNT092 ,CorsoAdulti
SBR019 ,CorsoAdulti
CRL158 ,CorsoAdulti
STR208 ,CorsoAdulti
BRL904 ,CorsoAdulti
VDL016 ,CorsoAdulti
FDZ008 ,CorsoAdulti
CBZ002 ,CorsoAdulti
CRN867 ,CorsoAdulti
DNL068 ,CorsoAdulti
CRS198 ,CorsoAdulti
SCN486 ,CorsoAdulti
TFN012 ,CorsoAdulti
STB003 ,CorsoAdulti
LMN015 ,CorsoAdulti
NGT037 ,CorsoAdulti
TBR018 ,CorsoAdulti
PSN206 ,CorsoAdulti
ZML048 ,CorsoAdulti
LPN094 ,CorsoAdulti
CRN193 ,CorsoAdulti
SPG010 ,CorsoAdulti
NGN133 ,CorsoAdulti
PSN050 ,CorsoAdulti
STV022 ,CorsoAdulti
RLL069 ,CorsoAdulti
PDR016 ,CorsoAdulti
GRR093 ,CorsoAdulti
SLR035 ,CorsoAdulti
DSM016 ,CorsoAdulti
DPN016 ,CorsoAdulti
BCC015 ,CorsoAdulti
BRR213 ,CorsoAdulti
CSP002 ,CorsoAdulti
SSN017 ,CorsoAdulti
BRT496 ,CorsoAdulti
CRN922 ,CorsoAdulti
CPR213 ,CorsoAdulti
DLL433 ,CorsoAdulti
DCZ032 ,CorsoAdulti
TDD021 ,CorsoAdulti
CRN862 ,CorsoAdulti
LNZ060 ,CorsoAdulti
BRM021 ,CorsoAdulti
CCN112 ,CorsoAdulti
LCL121 ,CorsoAdulti
BRL899 ,CorsoAdulti
GLB004 ,CorsoAdulti
CRN879 ,CorsoAdulti
PNR181 ,CorsoAdulti
DLR308 ,CorsoAdulti
PTR109 ,CorsoAdulti
STL057 ,CorsoAdulti
PSZ048 ,CorsoAdulti
DMR159 ,CorsoAdulti
CPL035 ,CorsoAdulti
PPR011 ,CorsoAdulti
MCR059 ,CorsoAdulti
DRL030 ,CorsoAdulti
TRR323 ,CorsoAdulti
MZN163 ,CorsoAdulti
DGS030 ,CorsoAdulti
MSS067 ,CorsoAdulti
TRM034 ,CorsoAdulti
PCZ047 ,CorsoAdulti
FRR111 ,CorsoAdulti
BRZ232 ,CorsoAdulti
LNG050 ,CorsoAdulti
GRV027 ,CorsoAdulti
PLN423 ,CorsoAdulti
CSY009 ,CorsoAdulti
CNN096 ,CorsoAdulti
CMG005 ,CorsoAdulti
MCN036 ,CorsoAdulti
BRS046 ,CorsoAdulti
SLR051 ,CorsoAdulti
VNZ053 ,CorsoAdulti
ZGL013 ,CorsoAdulti
BLJ002 ,CorsoAdulti
DMT094 ,Studente
RDG011 ,CorsoAdulti
SNN157 ,CorsoAdulti
BZL052 ,CorsoAdulti
MTL133 ,CorsoAdulti
MCZ024 ,CorsoAdulti
PLG097 ,CorsoAdulti
CSN395 ,CorsoAdulti
GLN084 ,CorsoAdulti
CMD064 ,CorsoAdulti
MCS017 ,CorsoAdulti
SPC127 ,CorsoAdulti
CRL734 ,CorsoAdulti
RSN423 ,Studente
FLR025 ,CorsoAdulti
DDC030 ,CorsoAdulti
MNL128 ,CorsoAdulti
VND066 ,CorsoAdulti
SRC022 ,CorsoAdulti
TNN017 ,CorsoAdulti
CRC415 ,CorsoAdulti
GRN061 ,CorsoAdulti
RLN096 ,CorsoAdulti
GRL103 ,CorsoAdulti
RLN009 ,CorsoAdulti
NNC053 ,CorsoAdulti
PLT038 ,CorsoAdulti
MSL304 ,CorsoAdulti
RCR151 ,Studente
RLL067 ,CorsoAdulti
MJC005 ,CorsoAdulti
RGC013 ,CorsoAdulti
DGR014 ,CorsoAdulti
MRC179 ,CorsoAdulti
CLD033 ,CorsoAdulti
PTL041 ,CorsoAdulti
BVV001 ,CorsoAdulti
PLV004 ,CorsoAdulti
MRN800 ,CorsoAdulti
MCT059 ,CorsoAdulti
FRD245 ,CorsoAdulti
LBS008 ,CorsoAdulti
RGN166 ,CorsoAdulti
BRN217 ,CorsoAdulti
TTC041 ,CorsoAdulti
DSR125 ,CorsoAdulti
BSZ058 ,CorsoAdulti
DGL129 ,CorsoAdulti
GNL210 ,CorsoAdulti
FDL040 ,CorsoAdulti
GYS002 ,CorsoAdulti
VNT003 ,CorsoAdulti
RNT018 ,CorsoAdulti
LSR051 ,CorsoAdulti
DFV004 ,CorsoAdulti
NMD004 ,CorsoAdulti
BST081 ,CorsoAdulti
BSG046 ,CorsoAdulti
BRB010 ,CorsoAdulti
LNL043 ,CorsoAdulti
DDN072 ,CorsoAdulti
NSZ002 ,CorsoAdulti
BNT046 ,CorsoAdulti
BRT097 ,CorsoAdulti
SRN049 ,CorsoAdulti
LPR078 ,CorsoAdulti
MGC020 ,CorsoAdulti
RSN093 ,CorsoAdulti
PGZ004 ,CorsoAdulti
PNL242 ,CorsoAdulti
BLR338 ,CorsoAdulti
GND076 ,CorsoAdulti
FRN814 ,CorsoAdulti
BRD036 ,CorsoAdulti
PCN042 ,CorsoAdulti
FRL619 ,CorsoAdulti
BRX083 ,CorsoAdulti
FSD025 ,CorsoAdulti
BRN263 ,CorsoAdulti
NPR038 ,CorsoAdulti
RBT041 ,CorsoAdulti
PLT052 ,CorsoAdulti
BRR128 ,CorsoAdulti
BSN056 ,CorsoAdulti
RCL053 ,CorsoAdulti
GRL548 ,CorsoAdulti
TRZ105 ,CorsoAdulti
MLR042 ,CorsoAdulti
BLD027 ,CorsoAdulti
SCN454 ,CorsoAdulti
PRL504 ,CorsoAdulti
RGL146 ,CorsoAdulti
VNL035 ,CorsoAdulti
SRN235 ,CorsoAdulti
DVN056 ,CorsoAdulti
BRR785 ,CorsoAdulti
MRX051 ,CorsoAdulti
MNC059 ,CorsoAdulti
BRZ053 ,CorsoAdulti
BRR800 ,CorsoAdulti
SMR050 ,CorsoAdulti
RMG006 ,CorsoAdulti
BSR163 ,CorsoAdulti
CLR296 ,CorsoAdulti
RTN025 ,CorsoAdulti
CRT098 ,CorsoAdulti
CRR060 ,CorsoAdulti
CRD071 ,CorsoAdulti
SPM004 ,CorsoAdulti
FNN155 ,CorsoAdulti
PCL158 ,Studente
DFZ021 ,CorsoAdulti
VCZ014 ,CorsoAdulti
DMD076 ,CorsoAdulti
BZM006 ,CorsoAdulti
PRZ129 ,CorsoAdulti
BRN303 ,CorsoAdulti
TMR091 ,CorsoAdulti
MSS070 ,CorsoAdulti
PVD012 ,CorsoAdulti
MRR734 ,CorsoAdulti
SCR324 ,CorsoAdulti
NRN034 ,CorsoAdulti
DPZ017 ,CorsoAdulti
BRT446 ,CorsoAdulti
BRG197 ,CorsoAdulti
DNR177 ,CorsoAdulti
ZNL122 ,CorsoAdulti
MNG008 ,CorsoAdulti
NLN025 ,CorsoAdulti
PRC342 ,CorsoAdulti
TBL022 ,CorsoAdulti
MNC313 ,CorsoAdulti
BSS061 ,CorsoAdulti
SCL078 ,CorsoAdulti
STL004 ,CorsoAdulti
GRL593 ,CorsoAdulti
LDN051 ,CorsoAdulti
MRR801 ,CorsoAdulti
DDN011 ,CorsoAdulti
GRZ156 ,CorsoAdulti
LNN270 ,CorsoAdulti
DLT031 ,CorsoAdulti
ZNC070 ,CorsoAdulti
RTT035 ,CorsoAdulti
LPC006 ,CorsoAdulti
SRC128 ,CorsoAdulti
PTT048 ,CorsoAdulti
RRC003 ,Studente
CTN020 ,CorsoAdulti
GRS120 ,CorsoAdulti
BNH006 ,CorsoAdulti
CRZ038 ,CorsoAdulti
PRZ130 ,CorsoAdulti
CPS015 ,CorsoAdulti
ZNL126 ,CorsoAdulti
SMN129 ,Studente
BNN206 ,CorsoAdulti
TRG027 ,CorsoAdulti
CCL236 ,CorsoAdulti
FRG157 ,CorsoAdulti
MTL127 ,CorsoAdulti
LBN130 ,CorsoAdulti
STN046 ,CorsoAdulti
GRR459 ,CorsoAdulti
TLL046 ,CorsoAdulti
SLR024 ,CorsoAdulti
BGL025 ,CorsoAdulti
DSN138 ,CorsoAdulti
LNL057 ,CorsoAdulti
LFP013 ,CorsoAdulti
STT094 ,CorsoAdulti
TDR041 ,CorsoAdulti
RMR041 ,CorsoAdulti
TML105 ,CorsoAdulti
MND198 ,CorsoAdulti
BCR110 ,CorsoAdulti
CCL054 ,CorsoAdulti
CVC058 ,CorsoAdulti
GLL266 ,CorsoAdulti
NRZ022 ,CorsoAdulti
ZML049 ,CorsoAdulti
TND006 ,Studente
ZRP005 ,CorsoAdulti
BLF010 ,CorsoAdulti
BRX161 ,CorsoAdulti
RSZ019 ,CorsoAdulti
CRR116 ,CorsoAdulti
BRL910 ,CorsoAdulti
PZP011 ,Studente
DRC027 ,CorsoAdulti
PSP040 ,CorsoAdulti
BGD026 ,CorsoAdulti
GHC038 ,CorsoAdulti
VDR005 ,Studente
FLR148 ,CorsoAdulti
GRP025 ,CorsoAdulti
PLL069 ,CorsoAdulti
GSL094 ,CorsoAdulti
GNG015 ,CorsoAdulti
BNZ109 ,CorsoAdulti
BRD088 ,CorsoAdulti
CLP014 ,CorsoAdulti
PZL015 ,CorsoAdulti
LMR098 ,CorsoAdulti
BLD023 ,CorsoAdulti
FRC100 ,CorsoAdulti
SCB006 ,CorsoAdulti
MNR466 ,CorsoAdulti
BLR323 ,CorsoAdulti
LRN116 ,Studente
BNT197 ,CorsoAdulti
PTC009 ,CorsoAdulti
BLB001 ,CorsoAdulti
PRN106 ,CorsoAdulti
GDC006 ,CorsoAdulti
LNS052 ,CorsoAdulti
PZT055 ,CorsoAdulti
CRL779 ,CorsoAdulti
FRR517 ,CorsoAdulti
LNZ015 ,CorsoAdulti
MRL160 ,CorsoAdulti
CCL025 ,CorsoAdulti
RBD029 ,CorsoAdulti
VLN289 ,CorsoAdulti
DLL151 ,CorsoAdulti
MMT004 ,CorsoAdulti
PCG004 ,CorsoAdulti
FBL049 ,CorsoAdulti
JSC001 ,CorsoAdulti
SGS003 ,CorsoAdulti
BLD026 ,CorsoAdulti
FNL121 ,CorsoAdulti
SPV009 ,CorsoAdulti
PCY003 ,CorsoAdulti
LNR177 ,CorsoAdulti
MPL020 ,CorsoAdulti
BRX159 ,CorsoAdulti
TBD005 ,CorsoAdulti
LRB005 ,CorsoAdulti
PRN096 ,CorsoAdulti
GHL072 ,CorsoAdulti
TLL041 ,CorsoAdulti
CRL164 ,CorsoAdulti
LNV019 ,CorsoAdulti
LCS028 ,CorsoAdulti
FRV078 ,CorsoAdulti
MRL826 ,CorsoAdulti
GLL077 ,CorsoAdulti
DDL045 ,CorsoAdulti
RNC018 ,CorsoAdulti
CRM097 ,CorsoAdulti
TCG001 ,CorsoAdulti
DGL132 ,CorsoAdulti
ZMD010 ,Studente
DNL245 ,CorsoAdulti
BSM010 ,CorsoAdulti
CNN446 ,CorsoAdulti
MBG006 ,CorsoAdulti
PRR141 ,CorsoAdulti
LGR009 ,CorsoAdulti
GNN297 ,CorsoAdulti
BRX154 ,CorsoAdulti
CRT057 ,CorsoAdulti
SSL072 ,CorsoAdulti
GNC146 ,CorsoAdulti
RMN034 ,CorsoAdulti
VNT089 ,CorsoAdulti
BNC230 ,CorsoAdulti
SRT068 ,CorsoAdulti
STL167 ,CorsoAdulti
BST096 ,CorsoAdulti
GRR506 ,CorsoAdulti
BDC025 ,CorsoAdulti
NRT012 ,CorsoAdulti
GGC008 ,CorsoAdulti
FRN372 ,CorsoAdulti
PLN044 ,CorsoAdulti
LMT001 ,CorsoAdulti
NSD017 ,CorsoAdulti
RTS003 ,CorsoAdulti
LND007 ,CorsoAdulti
DNZ049 ,CorsoAdulti
CNL399 ,CorsoAdulti
MZC089 ,CorsoAdulti
PLR336 ,Studente
FRC094 ,CorsoAdulti
MNC063 ,CorsoAdulti
MRR145 ,CorsoAdulti
GSN045 ,CorsoAdulti
CSN153 ,CorsoAdulti
DFR062 ,CorsoAdulti
VSZ014 ,CorsoAdulti
BFR027 ,CorsoAdulti
RLG002 ,CorsoAdulti
CNC183 ,CorsoAdulti
DML129 ,CorsoAdulti
NGD028 ,CorsoAdulti
ZDL004 ,CorsoAdulti
MRL893 ,CorsoAdulti
FLG004 ,CorsoAdulti
DNM019 ,CorsoAdulti
NLD005 ,CorsoAdulti
RMD069 ,CorsoAdulti
CCC133 ,CorsoAdulti
BRR193 ,CorsoAdulti
DMC142 ,CorsoAdulti
GRL546 ,CorsoAdulti
BRC143 ,CorsoAdulti
LLN063 ,CorsoAdulti
CRC177 ,CorsoAdulti
DLN093 ,CorsoAdulti
MRC147 ,CorsoAdulti
BZL014 ,CorsoAdulti
MNN674 ,CorsoAdulti
ZCS014 ,Studente
BSN080 ,CorsoAdulti
LMC085 ,CorsoAdulti
MCN187 ,CorsoAdulti
LSB002 ,CorsoAdulti
GRN168 ,CorsoAdulti
CCR186 ,CorsoAdulti
PLN076 ,CorsoAdulti
MLR223 ,CorsoAdulti
TLC038 ,CorsoAdulti
LTR014 ,CorsoAdulti
VTG008 ,CorsoAdulti
MGT016 ,CorsoAdulti
BNL081 ,CorsoAdulti
MCL150 ,CorsoAdulti
RSC011 ,CorsoAdulti
CNR321 ,CorsoAdulti
PRL503 ,CorsoAdulti
TGS010 ,CorsoAdulti
MZR113 ,CorsoAdulti
SRL038 ,CorsoAdulti
CRN880 ,CorsoAdulti
FRL641 ,CorsoAdulti
CLR243 ,CorsoAdulti
MSN065 ,CorsoAdulti
RFR013 ,CorsoAdulti
LRT058 ,CorsoAdulti
LZN011 ,CorsoAdulti
MZN029 ,CorsoAdulti
MLR035 ,CorsoAdulti
RSD026 ,CorsoAdulti
LCR115 ,CorsoAdulti
MBN045 ,CorsoAdulti
TRP055 ,CorsoAdulti
CTR104 ,CorsoAdulti
GRN152 ,CorsoAdulti
GRL580 ,CorsoAdulti
CMZ041 ,CorsoAdulti
CTR033 ,CorsoAdulti
DRN186 ,CorsoAdulti
CRL460 ,CorsoAdulti
BLN109 ,CorsoAdulti
FRN800 ,CorsoAdulti
LRL112 ,CorsoAdulti
GSR079 ,CorsoAdulti
SCC233 ,CorsoAdulti
MNN168 ,CorsoAdulti
DSD009 ,CorsoAdulti
MZN027 ,CorsoAdulti
PRN124 ,CorsoAdulti
CMR170 ,CorsoAdulti
PTP036 ,CorsoAdulti
PRN633 ,CorsoAdulti
BRT473 ,CorsoAdulti
BNN477 ,CorsoAdulti
CZG005 ,CorsoAdulti
CZB002 ,CorsoAdulti
CCR183 ,CorsoAdulti
PMN010 ,CorsoAdulti
DDP006 ,CorsoAdulti
DLL081 ,CorsoAdulti
SNL188 ,CorsoAdulti
DVD005 ,CorsoAdulti
LCR121 ,CorsoAdulti
FRN155 ,CorsoAdulti
CMR179 ,CorsoAdulti
STN074 ,CorsoAdulti
TMZ023 ,CorsoAdulti
BST095 ,CorsoAdulti
RFQ001 ,CorsoAdulti
CRT096 ,CorsoAdulti
TBL026 ,CorsoAdulti
CCN234 ,CorsoAdulti
BCD034 ,CorsoAdulti
VLT023 ,CorsoAdulti
VLL077 ,CorsoAdulti
TRM032 ,CorsoAdulti
NNR078 ,CorsoAdulti
PTM020 ,CorsoAdulti
BLC034 ,CorsoAdulti
DML049 ,CorsoAdulti
DNR033 ,Studente
GLR059 ,CorsoAdulti
VNN204 ,CorsoAdulti
DFN020 ,CorsoAdulti
BCG029 ,CorsoAdulti
TMN109 ,CorsoAdulti
CNZ092 ,CorsoAdulti
CRY021 ,CorsoAdulti
MRL866 ,CorsoAdulti
BSL208 ,CorsoAdulti
MNZ034 ,CorsoAdulti
NLL025 ,CorsoAdulti
FLN097 ,CorsoAdulti
DLN448 ,CorsoAdulti
CRR100 ,Studente
RNL039 ,CorsoAdulti
LSM014 ,CorsoAdulti
CRL721 ,CorsoAdulti
RVZ006 ,CorsoAdulti
GNR042 ,CorsoAdulti
RMD065 ,CorsoAdulti
GRN713 ,CorsoAdulti
PZL023 ,CorsoAdulti
CND104 ,CorsoAdulti
RBZ004 ,CorsoAdulti
GLC039 ,CorsoAdulti
BSR175 ,CorsoAdulti
RGL140 ,CorsoAdulti
LNZ014 ,CorsoAdulti
BGN105 ,CorsoAdulti
BRN289 ,CorsoAdulti
DNN281 ,CorsoAdulti
SNR035 ,CorsoAdulti
MRR786 ,CorsoAdulti
BLS061 ,CorsoAdulti
NRN070 ,CorsoAdulti
MSM034 ,CorsoAdulti
CGT006 ,Studente
BLK009 ,CorsoAdulti
CRN202 ,CorsoAdulti
PLL058 ,CorsoAdulti
SRC116 ,CorsoAdulti
DNR207 ,CorsoAdulti
LRP003 ,CorsoAdulti
TRN130 ,CorsoAdulti
CHN026 ,CorsoAdulti
CPR201 ,CorsoAdulti
MMN039 ,CorsoAdulti
RLL017 ,CorsoAdulti
CRL170 ,Studente
CRP115 ,CorsoAdulti
PRN133 ,CorsoAdulti
PBN003 ,CorsoAdulti
RLG005 ,CorsoAdulti
PTR027 ,CorsoAdulti
GNN299 ,CorsoAdulti
MTL038 ,CorsoAdulti
ZZN039 ,CorsoAdulti
ZZN004 ,CorsoAdulti
TSL056 ,CorsoAdulti
DGT054 ,CorsoAdulti
BCR109 ,Studente
TML100 ,CorsoAdulti
CNC165 ,CorsoAdulti
RLS028 ,CorsoAdulti
BST094 ,CorsoAdulti
GRP098 ,Studente
MNC345 ,CorsoAdulti
CML040 ,CorsoAdulti
TRR077 ,CorsoAdulti
FSC053 ,CorsoAdulti
MLV023 ,CorsoAdulti
LMR018 ,CorsoAdulti
CRL549 ,CorsoAdulti
GND017 ,CorsoAdulti
MRN973 ,CorsoAdulti
TSS022 ,CorsoAdulti
PCR038 ,CorsoAdulti
CLY005 ,CorsoAdulti
CRT081 ,CorsoAdulti
SLR049 ,CorsoAdulti
DVR059 ,CorsoAdulti
MGD044 ,CorsoAdulti
CLN398 ,CorsoAdulti
CSR296 ,CorsoAdulti
TSP001 ,CorsoAdulti
MFG003 ,CorsoAdulti
BNT171 ,CorsoAdulti
GLS074 ,CorsoAdulti
DLN446 ,CorsoAdulti
SCN069 ,CorsoAdulti
TDZ003 ,CorsoAdulti
MRP030 ,CorsoAdulti
CNN073 ,CorsoAdulti
NSL056 ,CorsoAdulti
PSR190 ,CorsoAdulti
PTL204 ,Studente
SCL373 ,CorsoAdulti
DMN219 ,CorsoAdulti
PSD078 ,CorsoAdulti
VNN034 ,CorsoAdulti
MRH002 ,CorsoAdulti
CCL240 ,Studente
PLL043 ,CorsoAdulti
GSL097 ,CorsoAdulti
GTN074 ,CorsoAdulti
CRL720 ,CorsoAdulti
MRC484 ,CorsoAdulti
PRD049 ,CorsoAdulti
CBN004 ,CorsoAdulti
BNN530 ,CorsoAdulti
GLZ066 ,CorsoAdulti
RNL170 ,CorsoAdulti
VGL010 ,CorsoAdulti
MGN019 ,CorsoAdulti
NTC056 ,CorsoAdulti
CSL138 ,CorsoAdulti
CNN401 ,CorsoAdulti
GLL255 ,CorsoAdulti
CSL349 ,CorsoAdulti
NZC012 ,CorsoAdulti
MNC327 ,Studente
VCN016 ,CorsoAdulti
LPP016 ,CorsoAdulti
ZNC068 ,Studente
CSR345 ,CorsoAdulti
RSN075 ,CorsoAdulti
TNN045 ,CorsoAdulti
RSR291 ,CorsoAdulti
FTC012 ,CorsoAdulti
PSL210 ,CorsoAdulti
DMC131 ,CorsoAdulti
BLL370 ,CorsoAdulti
MSG018 ,CorsoAdulti
SPN048 ,CorsoAdulti
MGN171 ,CorsoAdulti
BNR405 ,CorsoAdulti
GMM009 ,CorsoAdulti
GRR518 ,CorsoAdulti
VRR034 ,CorsoAdulti
FRR119 ,CorsoAdulti
BNN120 ,CorsoAdulti
FLR149 ,CorsoAdulti
MML035 ,CorsoAdulti
DDD003 ,CorsoAdulti
MTL116 ,Studente
ZPG004 ,CorsoAdulti
SNL241 ,CorsoAdulti
MRR144 ,CorsoAdulti
VTL015 ,Studente
NCN082 ,CorsoAdulti
PCT013 ,CorsoAdulti
TBC023 ,CorsoAdulti
BSR159 ,CorsoAdulti
MNC311 ,CorsoAdulti
PRT167 ,CorsoAdulti
TSZ014 ,CorsoAdulti
SNT112 ,CorsoAdulti
DRT067 ,CorsoAdulti
CSN084 ,CorsoAdulti
DSL028 ,CorsoAdulti
PNN251 ,CorsoAdulti
SNR015 ,CorsoAdulti
PRT251 ,CorsoAdulti
PNL043 ,CorsoAdulti
MRT093 ,CorsoAdulti
VLL012 ,CorsoAdulti
LMZ012 ,CorsoAdulti
MRN205 ,CorsoAdulti
CLN055 ,CorsoAdulti
GRN131 ,CorsoAdulti
PGD059 ,CorsoAdulti
DLP010 ,CorsoAdulti
TRZ026 ,CorsoAdulti
MCT061 ,CorsoAdulti
LRT063 ,Studente
RFL034 ,CorsoAdulti
PLR352 ,CorsoAdulti
PGN025 ,CorsoAdulti
LMN130 ,CorsoAdulti
BDR008 ,CorsoAdulti
BRN224 ,CorsoAdulti
TTN020 ,CorsoAdulti
SLD095 ,CorsoAdulti
RCN050 ,CorsoAdulti
PCN037 ,CorsoAdulti
FRN207 ,CorsoAdulti
GTD003 ,CorsoAdulti
PTL209 ,CorsoAdulti
DML229 ,CorsoAdulti
SGN078 ,CorsoAdulti
PRN118 ,CorsoAdulti
ZLC011 ,CorsoAdulti
CND102 ,CorsoAdulti
MRR162 ,CorsoAdulti
SPR035 ,CorsoAdulti
RGL138 ,CorsoAdulti
CRN185 ,CorsoAdulti
MGN038 ,CorsoAdulti
CLC041 ,CorsoAdulti
BRS048 ,CorsoAdulti
CLL058 ,CorsoAdulti
CLR028 ,CorsoAdulti
SBN074 ,CorsoAdulti
GRC062 ,CorsoAdulti
VLD015 ,CorsoAdulti
NTL093 ,CorsoAdulti
CLN134 ,CorsoAdulti
FRR105 ,CorsoAdulti
CNN413 ,CorsoAdulti
MRL820 ,CorsoAdulti
SRT095 ,CorsoAdulti
TNN109 ,CorsoAdulti
FNN160 ,CorsoAdulti
RSN411 ,CorsoAdulti
MRC550 ,CorsoAdulti
MSR284 ,CorsoAdulti
FGR033 ,CorsoAdulti
MSG076 ,CorsoAdulti
PRZ124 ,CorsoAdulti
PRR078 ,CorsoAdulti
NGS006 ,CorsoAdulti
VTD030 ,CorsoAdulti
LCL044 ,CorsoAdulti
DLS093 ,Studente
SNP008 ,Studente
DNR029 ,CorsoAdulti
FRR583 ,CorsoAdulti
DTS014 ,CorsoAdulti
PLY007 ,CorsoAdulti
MCD062 ,CorsoAdulti
FLN057 ,CorsoAdulti
SNN118 ,CorsoAdulti
PCT014 ,CorsoAdulti
RLN015 ,CorsoAdulti
VTR069 ,Studente
SRL237 ,CorsoAdulti
PLC251 ,CorsoAdulti
MRL227 ,CorsoAdulti
MZN037 ,CorsoAdulti
PRN634 ,CorsoAdulti
DDD004 ,CorsoAdulti
SPT081 ,CorsoAdulti
BTT024 ,CorsoAdulti
GRT287 ,CorsoAdulti
MLZ057 ,CorsoAdulti
MSC180 ,CorsoAdulti
MZN118 ,CorsoAdulti
CNL397 ,CorsoAdulti
FRN167 ,CorsoAdulti
BSD029 ,CorsoAdulti
PSB002 ,CorsoAdulti
MRT384 ,CorsoAdulti
BNT175 ,CorsoAdulti
CSN202 ,CorsoAdulti
PLL407 ,CorsoAdulti
MNL424 ,CorsoAdulti
CND109 ,CorsoAdulti
FLN186 ,CorsoAdulti
FRT183 ,CorsoAdulti
CCC130 ,CorsoAdulti
BRP042 ,CorsoAdulti
MRD066 ,CorsoAdulti
TRT038 ,CorsoAdulti
PLT193 ,CorsoAdulti
BRN671 ,CorsoAdulti
CNC171 ,CorsoAdulti
CRS045 ,CorsoAdulti
GSN019 ,CorsoAdulti
MRM082 ,CorsoAdulti
CRT102 ,CorsoAdulti
SCN050 ,CorsoAdulti
FRD051 ,CorsoAdulti
MRL791 ,CorsoAdulti
CLZ002 ,CorsoAdulti
FBN059 ,CorsoAdulti
CSD130 ,CorsoAdulti
SCD025 ,Studente
CRL752 ,Studente
PGR022 ,CorsoAdulti
MNR481 ,CorsoAdulti
BTR055 ,Studente
BRD344 ,CorsoAdulti
DTL053 ,CorsoAdulti
BCL026 ,CorsoAdulti
VNC097 ,CorsoAdulti
LZL007 ,Studente
PLN425 ,CorsoAdulti
BRP038 ,CorsoAdulti
LPN102 ,CorsoAdulti
MSR054 ,CorsoAdulti
BLZ091 ,CorsoAdulti
BRL906 ,CorsoAdulti
ZMR004 ,CorsoAdulti
CRM005 ,CorsoAdulti
MCZ026 ,CorsoAdulti
CCG037 ,CorsoAdulti
MGC017 ,CorsoAdulti
SQR018 ,CorsoAdulti
FZR013 ,CorsoAdulti
TRL411 ,CorsoAdulti
BSD019 ,CorsoAdulti
BNC257 ,CorsoAdulti
CRC460 ,CorsoAdulti
SPN272 ,CorsoAdulti
PSH002 ,CorsoAdulti
FRV076 ,CorsoAdulti
FCN074 ,CorsoAdulti
BLN389 ,CorsoAdulti
PLS003 ,CorsoAdulti
CST168 ,CorsoAdulti
LCR085 ,CorsoAdulti
MRR150 ,CorsoAdulti
CCZ060 ,CorsoAdulti
TRM040 ,CorsoAdulti
PRR411 ,CorsoAdulti
PTT089 ,CorsoAdulti
LNN055 ,CorsoAdulti
SGT041 ,CorsoAdulti
GRN105 ,CorsoAdulti
PRS075 ,CorsoAdulti
LCN154 ,CorsoAdulti
GRL225 ,CorsoAdulti
MRN211 ,CorsoAdulti
LDZ009 ,CorsoAdulti
CLL360 ,CorsoAdulti
PDN013 ,CorsoAdulti
CRN832 ,CorsoAdulti
CLS022 ,CorsoAdulti
FRC367 ,CorsoAdulti
RVG022 ,CorsoAdulti
GLC033 ,Studente
GRL515 ,CorsoAdulti
RSN448 ,CorsoAdulti
LBL011 ,CorsoAdulti
MNC054 ,CorsoAdulti
BNM046 ,CorsoAdulti
TZG005 ,CorsoAdulti
FRR568 ,CorsoAdulti
PRZ027 ,CorsoAdulti
BDR034 ,CorsoAdulti
DGL124 ,CorsoAdulti
MNZ146 ,CorsoAdulti
MCZ007 ,CorsoAdulti
MLZ063 ,CorsoAdulti
BCD041 ,CorsoAdulti
BLP055 ,Studente
CMG028 ,CorsoAdulti
LBT004 ,CorsoAdulti
PRD214 ,CorsoAdulti
BCG002 ,CorsoAdulti
CSR057 ,CorsoAdulti
ZCT008 ,CorsoAdulti
MLR243 ,CorsoAdulti
ZPL002 ,CorsoAdulti
NBL002 ,CorsoAdulti
GLL273 ,CorsoAdulti
ZCP005 ,CorsoAdulti
PCZ048 ,CorsoAdulti
VRD056 ,CorsoAdulti
SVC003 ,CorsoAdulti
PRD190 ,CorsoAdulti
GMN077 ,CorsoAdulti
DNC041 ,CorsoAdulti
BZT002 ,CorsoAdulti
MCL139 ,CorsoAdulti
CRR167 ,CorsoAdulti
GRR490 ,CorsoAdulti
LTL004 ,CorsoAdulti
CML010 ,CorsoAdulti
CSR343 ,CorsoAdulti
LTS012 ,CorsoAdulti
PRL109 ,CorsoAdulti
SLL059 ,CorsoAdulti
LNG044 ,CorsoAdulti
GLN074 ,CorsoAdulti
TZL018 ,CorsoAdulti
STN245 ,CorsoAdulti
DLT178 ,CorsoAdulti
ZGR010 ,CorsoAdulti
CRC426 ,CorsoAdulti
DMT092 ,CorsoAdulti
BNR092 ,CorsoAdulti
MRN222 ,CorsoAdulti
CNL389 ,CorsoAdulti
LLR027 ,CorsoAdulti
GRT297 ,CorsoAdulti
VLR042 ,CorsoAdulti
GRZ033 ,CorsoAdulti
CHL041 ,CorsoAdulti
BRR803 ,CorsoAdulti
DNN272 ,CorsoAdulti
GLP051 ,CorsoAdulti
SGL031 ,CorsoAdulti
MRC547 ,CorsoAdulti
GVD007 ,CorsoAdulti
PRC105 ,CorsoAdulti
PCL152 ,CorsoAdulti
BLZ085 ,CorsoAdulti
GHL075 ,CorsoAdulti
PRY011 ,CorsoAdulti
RSC216 ,CorsoAdulti
FRR584 ,CorsoAdulti
PPN094 ,CorsoAdulti
QGR005 ,CorsoAdulti
NGN125 ,CorsoAdulti
PSD075 ,CorsoAdulti
MSL071 ,CorsoAdulti
BLT036 ,CorsoAdulti
BRL909 ,CorsoAdulti
MRX020 ,CorsoAdulti
RZR057 ,CorsoAdulti
BNC058 ,CorsoAdulti
VTL092 ,CorsoAdulti
TNL019 ,CorsoAdulti
LPP003 ,CorsoAdulti
SDL005 ,CorsoAdulti
CTN046 ,CorsoAdulti
RVZ001 ,CorsoAdulti
LRR078 ,CorsoAdulti
CLL344 ,CorsoAdulti
MNL626 ,CorsoAdulti
BNL446 ,Studente
GLL065 ,CorsoAdulti
BNN480 ,CorsoAdulti
CFR003 ,Studente
ZNT057 ,CorsoAdulti
CNT181 ,CorsoAdulti
CLL063 ,CorsoAdulti
MLR209 ,CorsoAdulti
CTL118 ,CorsoAdulti
VNL152 ,CorsoAdulti
RSN457 ,CorsoAdulti
CCD089 ,CorsoAdulti
CHP011 ,CorsoAdulti
CML194 ,CorsoAdulti
BRX086 ,CorsoAdulti
FRR588 ,CorsoAdulti
MCC080 ,CorsoAdulti
FRN750 ,CorsoAdulti
PLN411 ,CorsoAdulti
CTR107 ,CorsoAdulti
GLN331 ,CorsoAdulti
MNN146 ,CorsoAdulti
BNC240 ,Studente
CNC094 ,CorsoAdulti
TRN473 ,CorsoAdulti
VLC032 ,CorsoAdulti
DNN267 ,CorsoAdulti
MRR810 ,Studente
VDR006 ,Studente
NSZ013 ,CorsoAdulti
PTN036 ,CorsoAdulti
NTV008 ,Studente
CNR287 ,CorsoAdulti
SLG054 ,CorsoAdulti
MNT032 ,CorsoAdulti
GLC028 ,CorsoAdulti
RVN090 ,CorsoAdulti
SGZ005 ,CorsoAdulti
BLT154 ,CorsoAdulti
RBT038 ,CorsoAdulti
GRL134 ,CorsoAdulti
BLZ083 ,CorsoAdulti
MNN683 ,CorsoAdulti
GLZ072 ,CorsoAdulti
BLN433 ,CorsoAdulti
CLR035 ,CorsoAdulti
SPR032 ,CorsoAdulti
CMT011 ,CorsoAdulti
DDR050 ,CorsoAdulti
GVR008 ,CorsoAdulti
BCD040 ,CorsoAdulti
FRL288 ,CorsoAdulti
SLR025 ,CorsoAdulti
PZN024 ,CorsoAdulti
RCL185 ,CorsoAdulti
SPS001 ,CorsoAdulti
RTR014 ,CorsoAdulti
CPL218 ,CorsoAdulti
NPL020 ,CorsoAdulti
PRL153 ,CorsoAdulti
NNR074 ,CorsoAdulti
MVC002 ,CorsoAdulti
FTS006 ,CorsoAdulti
FRL621 ,CorsoAdulti
PNS046 ,CorsoAdulti
PTN040 ,CorsoAdulti
CLL335 ,CorsoAdulti
DGN019 ,CorsoAdulti
MGZ003 ,CorsoAdulti
TTL014 ,CorsoAdulti
SNZ064 ,CorsoAdulti
BML025 ,CorsoAdulti
RGC089 ,CorsoAdulti
CSD038 ,CorsoAdulti
STL006 ,CorsoAdulti
NGN138 ,CorsoAdulti
MSN331 ,CorsoAdulti
DNL038 ,CorsoAdulti
MRT406 ,CorsoAdulti
PNL261 ,CorsoAdulti
LBL096 ,CorsoAdulti
PRL515 ,CorsoAdulti
ZPT016 ,CorsoAdulti
BRL905 ,CorsoAdulti
MLC140 ,CorsoAdulti
BSN254 ,Studente
CCG039 ,CorsoAdulti
CPN068 ,CorsoAdulti
MND091 ,CorsoAdulti
MRM083 ,CorsoAdulti
BRL895 ,CorsoAdulti
DLG013 ,CorsoAdulti
PRM065 ,CorsoAdulti
PZR018 ,CorsoAdulti
GLN089 ,CorsoAdulti
DSG004 ,CorsoAdulti
DVR062 ,Studente
CRG183 ,CorsoAdulti
VLR046 ,CorsoAdulti
CNZ018 ,CorsoAdulti
RLS003 ,CorsoAdulti
SNS004 ,CorsoAdulti
DGT059 ,CorsoAdulti
BSL197 ,CorsoAdulti
CMT058 ,CorsoAdulti
BDT015 ,CorsoAdulti
FRN762 ,CorsoAdulti
SQC011 ,CorsoAdulti
FRR126 ,CorsoAdulti
GLD094 ,CorsoAdulti
TMN027 ,CorsoAdulti
MNN715 ,CorsoAdulti
BLZ002 ,Studente
GGM006 ,CorsoAdulti
VLC035 ,CorsoAdulti
MCL160 ,CorsoAdulti
LBN022 ,CorsoAdulti
SMD038 ,CorsoAdulti
CHB011 ,CorsoAdulti
CVN153 ,CorsoAdulti
CRN858 ,CorsoAdulti
TMN015 ,CorsoAdulti
ZZL032 ,CorsoAdulti
DSN137 ,CorsoAdulti
BRT514 ,CorsoAdulti
MST099 ,CorsoAdulti
PFR002 ,CorsoAdulti
BRL233 ,CorsoAdulti
PGC066 ,CorsoAdulti
CRG207 ,CorsoAdulti
MRT375 ,CorsoAdulti
DGC036 ,CorsoAdulti
GNM022 ,CorsoAdulti
RSG068 ,CorsoAdulti
NDR070 ,CorsoAdulti
DRL154 ,CorsoAdulti
GRZ043 ,CorsoAdulti
RVP002 ,CorsoAdulti
ZCZ013 ,CorsoAdulti
GRT029 ,CorsoAdulti
PSN242 ,CorsoAdulti
SSV005 ,CorsoAdulti
RSS083 ,CorsoAdulti
CND114 ,CorsoAdulti
GRR448 ,CorsoAdulti
MZR028 ,CorsoAdulti
ZRL023 ,CorsoAdulti
PRN135 ,CorsoAdulti
CTT054 ,CorsoAdulti
MRT382 ,CorsoAdulti
CRT352 ,CorsoAdulti
DGT056 ,CorsoAdulti
GRN429 ,CorsoAdulti
GHL023 ,CorsoAdulti
GNN303 ,CorsoAdulti
PTR026 ,CorsoAdulti
LMM012 ,CorsoAdulti
FRZ152 ,CorsoAdulti
CTN018 ,CorsoAdulti
DMN061 ,CorsoAdulti
PPL083 ,CorsoAdulti
HMD006 ,CorsoAdulti
MNL625 ,CorsoAdulti
MRT378 ,CorsoAdulti
TMR089 ,CorsoAdulti
PVN049 ,CorsoAdulti
LPN107 ,CorsoAdulti
BGP003 ,CorsoAdulti
PRN666 ,CorsoAdulti
CCR182 ,CorsoAdulti
VVG001 ,CorsoAdulti
MRG192 ,CorsoAdulti
SVN081 ,CorsoAdulti
TNL054 ,CorsoAdulti
FRR580 ,CorsoAdulti
RMN037 ,CorsoAdulti
MRS210 ,CorsoAdulti
CRR126 ,CorsoAdulti
SHR001 ,CorsoAdulti
MRT400 ,CorsoAdulti
CLL357 ,CorsoAdulti
DLG095 ,CorsoAdulti
DMR234 ,CorsoAdulti
GLR246 ,CorsoAdulti
SCL072 ,CorsoAdulti
SPL232 ,CorsoAdulti
RSL049 ,CorsoAdulti
PZC062 ,CorsoAdulti
VRT018 ,CorsoAdulti
RMN040 ,CorsoAdulti
GRP092 ,CorsoAdulti
CSD057 ,CorsoAdulti
BNZ024 ,CorsoAdulti
BRN320 ,CorsoAdulti
CRL144 ,CorsoAdulti
SRC017 ,CorsoAdulti
FRN156 ,CorsoAdulti
PCY001 ,CorsoAdulti
CGD014 ,CorsoAdulti
RNZ052 ,CorsoAdulti
RLL068 ,CorsoAdulti
MLN269 ,CorsoAdulti
CVD036 ,CorsoAdulti
MNN138 ,CorsoAdulti
PRL116 ,CorsoAdulti
CCC120 ,CorsoAdulti
BNT052 ,CorsoAdulti
PRN618 ,CorsoAdulti
CGL043 ,CorsoAdulti
CTN171 ,CorsoAdulti
FRN624 ,CorsoAdulti
BGG017 ,CorsoAdulti
RFC023 ,CorsoAdulti
CNR282 ,CorsoAdulti
GLN082 ,CorsoAdulti
LNC125 ,CorsoAdulti
RTD028 ,CorsoAdulti
BRL094 ,CorsoAdulti
NPN007 ,CorsoAdulti
DRS038 ,CorsoAdulti
GGD032 ,CorsoAdulti
RSN089 ,CorsoAdulti
RDL065 ,CorsoAdulti
FLL034 ,CorsoAdulti
BLC042 ,CorsoAdulti
MRG181 ,CorsoAdulti
GRN150 ,CorsoAdulti
RZC039 ,CorsoAdulti
GNZ015 ,CorsoAdulti
PNC143 ,CorsoAdulti
MLL087 ,CorsoAdulti
CGP005 ,CorsoAdulti
LNL214 ,CorsoAdulti
CRC429 ,CorsoAdulti
CMR052 ,CorsoAdulti
SLS016 ,CorsoAdulti
DMS013 ,CorsoAdulti
VRL124 ,CorsoAdulti
PZT052 ,CorsoAdulti
MRT394 ,Studente
MNN687 ,CorsoAdulti
BRC148 ,CorsoAdulti
PRR420 ,CorsoAdulti
SCT043 ,CorsoAdulti
RGN175 ,CorsoAdulti
MNN691 ,Studente
LGN099 ,CorsoAdulti
SPC047 ,CorsoAdulti
CLD129 ,CorsoAdulti
DNT085 ,CorsoAdulti
ZNC066 ,CorsoAdulti
GVD004 ,CorsoAdulti
LSK002 ,CorsoAdulti
PTN031 ,CorsoAdulti
BTT067 ,CorsoAdulti
ZMM007 ,Studente
MSS074 ,CorsoAdulti
NTG023 ,CorsoAdulti
KKC002 ,CorsoAdulti
TRL085 ,CorsoAdulti
LBN033 ,CorsoAdulti
CRC077 ,CorsoAdulti
STD063 ,CorsoAdulti
PLL120 ,CorsoAdulti
MSN092 ,CorsoAdulti
PLV030 ,CorsoAdulti
NCL018 ,CorsoAdulti
CSM008 ,CorsoAdulti
TCN003 ,CorsoAdulti
PLN468 ,CorsoAdulti
DSS001 ,CorsoAdulti
TRL091 ,CorsoAdulti
RVL090 ,CorsoAdulti
PST102 ,CorsoAdulti
DCT051 ,CorsoAdulti
FCL046 ,CorsoAdulti
MNN714 ,CorsoAdulti
CNN443 ,CorsoAdulti
PLL081 ,CorsoAdulti
PNC142 ,CorsoAdulti
LSC005 ,CorsoAdulti
BRD019 ,CorsoAdulti
BLN097 ,CorsoAdulti
CNR315 ,CorsoAdulti
TZG001 ,CorsoAdulti
PCC095 ,CorsoAdulti
FRM083 ,CorsoAdulti
MLL047 ,CorsoAdulti
MSS075 ,CorsoAdulti
DSD007 ,CorsoAdulti
SBP009 ,CorsoAdulti
PZR062 ,CorsoAdulti
PNR175 ,CorsoAdulti
MRZ048 ,CorsoAdulti
LMS027 ,CorsoAdulti
SCT198 ,CorsoAdulti
VNC025 ,CorsoAdulti
CCL235 ,CorsoAdulti
CHS017 ,CorsoAdulti
PLN465 ,CorsoAdulti
PLD030 ,CorsoAdulti
GRP085 ,CorsoAdulti
TRS097 ,CorsoAdulti
SNF002 ,CorsoAdulti
CTL146 ,CorsoAdulti
BND041 ,Studente
MDN089 ,CorsoAdulti
DPG023 ,CorsoAdulti
TRN096 ,CorsoAdulti
VLN068 ,CorsoAdulti
MGR144 ,CorsoAdulti
MSC162 ,CorsoAdulti
FCZ014 ,CorsoAdulti
CPN051 ,CorsoAdulti
SPV008 ,CorsoAdulti
MFR010 ,CorsoAdulti
CMN034 ,CorsoAdulti
LBD047 ,CorsoAdulti
MCR021 ,CorsoAdulti
RBD026 ,CorsoAdulti
CLN410 ,CorsoAdulti
SNT013 ,CorsoAdulti
VNL158 ,CorsoAdulti
CNN448 ,CorsoAdulti
VST031 ,CorsoAdulti
FRD016 ,CorsoAdulti
DLR316 ,Studente
MNT250 ,CorsoAdulti
SSL014 ,CorsoAdulti
MTT048 ,CorsoAdulti
DBC043 ,CorsoAdulti
VNF003 ,CorsoAdulti
SCL066 ,CorsoAdulti
BND161 ,CorsoAdulti
PNC036 ,CorsoAdulti
BRT123 ,CorsoAdulti
DNR187 ,CorsoAdulti
DDN031 ,CorsoAdulti
BNC251 ,CorsoAdulti
CRT087 ,CorsoAdulti
LNN057 ,CorsoAdulti
LCL136 ,CorsoAdulti
PNC041 ,CorsoAdulti
GRD226 ,CorsoAdulti
BSZ014 ,CorsoAdulti
ZFN004 ,CorsoAdulti
BZL057 ,CorsoAdulti
MRN959 ,CorsoAdulti
BRN248 ,CorsoAdulti
DCL090 ,CorsoAdulti
PNR193 ,CorsoAdulti
PLR314 ,CorsoAdulti
MMM002 ,CorsoAdulti
CRD155 ,CorsoAdulti
MNN726 ,CorsoAdulti
GZR040 ,CorsoAdulti
SLN257 ,CorsoAdulti
FVC020 ,CorsoAdulti
CSL071 ,CorsoAdulti
SCC033 ,CorsoAdulti
GLN338 ,CorsoAdulti
SLR217 ,CorsoAdulti
FCZ013 ,CorsoAdulti
SCD026 ,CorsoAdulti
LVR018 ,CorsoAdulti
BRZ249 ,CorsoAdulti
VNT021 ,CorsoAdulti
SRR183 ,CorsoAdulti
MLT071 ,CorsoAdulti
PGD054 ,CorsoAdulti
BNT155 ,CorsoAdulti
SCR348 ,Studente
DLG099 ,Studente
MLL253 ,CorsoAdulti
BRP044 ,CorsoAdulti
GRS122 ,CorsoAdulti
CVR015 ,CorsoAdulti
JPL001 ,CorsoAdulti
PSD080 ,CorsoAdulti
LPD034 ,CorsoAdulti
RVR085 ,CorsoAdulti
DLL442 ,CorsoAdulti
CCR196 ,CorsoAdulti
PCM011 ,CorsoAdulti
CCL042 ,CorsoAdulti
PNR173 ,CorsoAdulti
VLL206 ,CorsoAdulti
MRL171 ,CorsoAdulti
PDL064 ,CorsoAdulti
CSC243 ,CorsoAdulti
BGN108 ,CorsoAdulti
MNC088 ,CorsoAdulti
SDN024 ,CorsoAdulti
BNT200 ,CorsoAdulti
SNT113 ,CorsoAdulti
TRD061 ,CorsoAdulti
LBZ034 ,CorsoAdulti
MCD063 ,CorsoAdulti
TTN077 ,CorsoAdulti
LSV007 ,CorsoAdulti
TSD028 ,CorsoAdulti
FCL045 ,CorsoAdulti
CLV012 ,CorsoAdulti
RDN010 ,CorsoAdulti
BRX089 ,CorsoAdulti
VSN013 ,CorsoAdulti
PZN094 ,CorsoAdulti
CQR005 ,CorsoAdulti
PRG129 ,CorsoAdulti
SNL236 ,CorsoAdulti
NBC013 ,CorsoAdulti
PCL149 ,CorsoAdulti
PLL075 ,CorsoAdulti
GRN718 ,CorsoAdulti
PRZ139 ,CorsoAdulti
BRT129 ,CorsoAdulti
PRL359 ,CorsoAdulti
VLT026 ,CorsoAdulti
PTN044 ,CorsoAdulti
FRD068 ,CorsoAdulti
DLM032 ,CorsoAdulti
BRR797 ,CorsoAdulti
CRT379 ,CorsoAdulti
CPP037 ,CorsoAdulti
TTL048 ,CorsoAdulti
PCT016 ,CorsoAdulti
GLL071 ,CorsoAdulti
MNR091 ,CorsoAdulti
BRT116 ,CorsoAdulti
DMZ070 ,CorsoAdulti
RML032 ,CorsoAdulti
CNR060 ,CorsoAdulti
RMR022 ,CorsoAdulti
PLD147 ,CorsoAdulti
CSR307 ,CorsoAdulti
PNR201 ,CorsoAdulti
BRL196 ,CorsoAdulti
NSD018 ,CorsoAdulti
PLR084 ,CorsoAdulti
FRP098 ,CorsoAdulti
MTN037 ,CorsoAdulti
VTP015 ,CorsoAdulti
PSN252 ,CorsoAdulti
GGD025 ,CorsoAdulti
DLT038 ,CorsoAdulti
PSL209 ,CorsoAdulti
NLN026 ,CorsoAdulti
CRL177 ,CorsoAdulti
CRR123 ,CorsoAdulti
MRR754 ,CorsoAdulti
HLL003 ,CorsoAdulti
BGT032 ,CorsoAdulti
SRR180 ,CorsoAdulti
SLN271 ,CorsoAdulti
TRD132 ,CorsoAdulti
MLR208 ,CorsoAdulti
MRT385 ,CorsoAdulti
RZN087 ,CorsoAdulti
MRR808 ,CorsoAdulti
SCD125 ,CorsoAdulti
GNN285 ,CorsoAdulti
PSN260 ,CorsoAdulti
BRX172 ,CorsoAdulti
PGN132 ,CorsoAdulti
BRP134 ,CorsoAdulti
GRN139 ,CorsoAdulti
VRN039 ,CorsoAdulti
RCG044 ,CorsoAdulti
MGR042 ,CorsoAdulti
GHV004 ,CorsoAdulti
BLN086 ,CorsoAdulti
GRC066 ,CorsoAdulti
MTT011 ,CorsoAdulti
SCZ014 ,CorsoAdulti
RGR102 ,CorsoAdulti
DGC080 ,Studente
VNN030 ,CorsoAdulti
FRC108 ,CorsoAdulti
CLD014 ,CorsoAdulti
GNR048 ,CorsoAdulti
DRZ043 ,CorsoAdulti
MRR828 ,CorsoAdulti
PDT038 ,CorsoAdulti
GLL267 ,CorsoAdulti
CRN133 ,CorsoAdulti
DML114 ,CorsoAdulti
PRY002 ,CorsoAdulti
GNL222 ,CorsoAdulti
LSL082 ,CorsoAdulti
DNT032 ,CorsoAdulti
MGT017 ,CorsoAdulti
MNN700 ,CorsoAdulti
PLZ090 ,Studente
LBN133 ,CorsoAdulti
LPS017 ,CorsoAdulti
VNG009 ,CorsoAdulti
CRC101 ,Studente
DNC125 ,CorsoAdulti
VLL057 ,CorsoAdulti
SRL248 ,CorsoAdulti
MGZ041 ,CorsoAdulti
MNL125 ,CorsoAdulti
DNZ010 ,CorsoAdulti
BRL191 ,CorsoAdulti
PRL224 ,CorsoAdulti
BNR413 ,CorsoAdulti
VRN152 ,CorsoAdulti
MLD016 ,CorsoAdulti
VLD028 ,CorsoAdulti
PTD028 ,CorsoAdulti
CHR018 ,CorsoAdulti
PLN441 ,Studente
SVN016 ,CorsoAdulti
BNC101 ,CorsoAdulti
PSP033 ,CorsoAdulti
RTS020 ,Studente
LBR015 ,CorsoAdulti
FRB008 ,CorsoAdulti
FFG001 ,CorsoAdulti
VLN051 ,CorsoAdulti
GRZ151 ,CorsoAdulti
CRL116 ,CorsoAdulti
TMR025 ,CorsoAdulti
RGR107 ,CorsoAdulti
TTR004 ,CorsoAdulti
CRT327 ,CorsoAdulti
RMR067 ,CorsoAdulti
RFB002 ,CorsoAdulti
VNL173 ,CorsoAdulti
LTR016 ,CorsoAdulti
MRR745 ,CorsoAdulti
TRN119 ,CorsoAdulti
RSR309 ,CorsoAdulti
PNN046 ,CorsoAdulti
JCS002 ,CorsoAdulti
FLC022 ,CorsoAdulti
BNT178 ,CorsoAdulti
CSD119 ,CorsoAdulti
ZZT026 ,CorsoAdulti
BBL007 ,CorsoAdulti
ZNF005 ,CorsoAdulti
BNR073 ,CorsoAdulti
NTT003 ,CorsoAdulti
PRC181 ,CorsoAdulti
GNN006 ,CorsoAdulti
RGC097 ,CorsoAdulti
PDC026 ,CorsoAdulti
PNG059 ,Studente
LLR058 ,CorsoAdulti
VRN043 ,CorsoAdulti
BDL040 ,CorsoAdulti
SRR041 ,CorsoAdulti
MNN140 ,CorsoAdulti
BSP029 ,CorsoAdulti
MSG075 ,CorsoAdulti
GGR065 ,CorsoAdulti
NTD047 ,CorsoAdulti
TVP002 ,CorsoAdulti
DGZ041 ,CorsoAdulti
STC031 ,CorsoAdulti
CRN876 ,CorsoAdulti
CHZ038 ,CorsoAdulti
BRN279 ,CorsoAdulti
CNS038 ,CorsoAdulti
GHN086 ,CorsoAdulti
CLT036 ,CorsoAdulti
CFN004 ,CorsoAdulti
DNT025 ,CorsoAdulti
MZR108 ,CorsoAdulti
NTM014 ,CorsoAdulti
GLN363 ,CorsoAdulti
CRN881 ,CorsoAdulti
PZT056 ,CorsoAdulti
VLT016 ,CorsoAdulti
BZC030 ,CorsoAdulti
MLL268 ,CorsoAdulti
CRC427 ,CorsoAdulti
GHN005 ,CorsoAdulti
RMZ052 ,CorsoAdulti
TRN093 ,CorsoAdulti
CNR070 ,CorsoAdulti
RGC098 ,CorsoAdulti
PTN194 ,CorsoAdulti
GHR030 ,CorsoAdulti
TRV005 ,CorsoAdulti
PLL428 ,CorsoAdulti
GCD022 ,CorsoAdulti
RMR110 ,CorsoAdulti
CVL096 ,CorsoAdulti
SVT016 ,CorsoAdulti
SMG002 ,CorsoAdulti
NCC060 ,CorsoAdulti
LMN147 ,CorsoAdulti
TMT006 ,CorsoAdulti
MRL816 ,CorsoAdulti
GHR059 ,Studente
MRX054 ,CorsoAdulti
GRR161 ,Studente
MNZ038 ,CorsoAdulti
MNN675 ,CorsoAdulti
MRN395 ,CorsoAdulti
MRD283 ,CorsoAdulti
TMR021 ,CorsoAdulti
LBN029 ,CorsoAdulti
BSR173 ,CorsoAdulti
LFL006 ,CorsoAdulti
RSR097 ,CorsoAdulti
PRN661 ,CorsoAdulti
DCR092 ,CorsoAdulti
PLL433 ,CorsoAdulti
CVD035 ,CorsoAdulti
CRL168 ,CorsoAdulti
GRD038 ,CorsoAdulti
BRT196 ,CorsoAdulti
GRN293 ,CorsoAdulti
CPN054 ,CorsoAdulti
SSL070 ,CorsoAdulti
BTL021 ,CorsoAdulti
DMT090 ,CorsoAdulti
SND017 ,CorsoAdulti
FBB001 ,CorsoAdulti
JKN003 ,CorsoAdulti
LMZ044 ,CorsoAdulti
DND055 ,CorsoAdulti
CCN264 ,CorsoAdulti
CNR307 ,CorsoAdulti
NVL031 ,CorsoAdulti
CRR662 ,CorsoAdulti
STS015 ,CorsoAdulti
CSS059 ,CorsoAdulti
DPN027 ,CorsoAdulti
PRZ138 ,CorsoAdulti
LXT001 ,CorsoAdulti
ZNN171 ,CorsoAdulti
GRC216 ,CorsoAdulti
PFR001 ,CorsoAdulti
FRL132 ,CorsoAdulti
SLT119 ,CorsoAdulti
LML116 ,CorsoAdulti
DMN243 ,CorsoAdulti
PSL197 ,CorsoAdulti
TFL013 ,CorsoAdulti
CCS061 ,Studente
RPT003 ,CorsoAdulti
ZZD003 ,CorsoAdulti
RBR070 ,CorsoAdulti
MGS047 ,CorsoAdulti
CSP009 ,CorsoAdulti
CTS031 ,CorsoAdulti
VNC019 ,CorsoAdulti
RBC055 ,CorsoAdulti
RVC012 ,CorsoAdulti
SNN065 ,CorsoAdulti
DGZ043 ,CorsoAdulti
BZN059 ,CorsoAdulti
QNT003 ,CorsoAdulti
MSZ009 ,CorsoAdulti
DPD032 ,CorsoAdulti
JBD002 ,CorsoAdulti
SVR023 ,CorsoAdulti
GCN062 ,CorsoAdulti
BNN002 ,CorsoAdulti
SSR053 ,CorsoAdulti
LZT030 ,Studente
SLL108 ,CorsoAdulti
DSL018 ,CorsoAdulti
FDR029 ,CorsoAdulti
MNN529 ,CorsoAdulti
LVZ026 ,CorsoAdulti
TRL099 ,CorsoAdulti
GDP011 ,CorsoAdulti
CSZ019 ,CorsoAdulti
TMT042 ,CorsoAdulti
RVL009 ,CorsoAdulti
VNN213 ,CorsoAdulti
GNT124 ,CorsoAdulti
DCD036 ,CorsoAdulti
CSV002 ,CorsoAdulti
RMZ010 ,CorsoAdulti
SCT205 ,CorsoAdulti
LNL048 ,CorsoAdulti
MGZ009 ,CorsoAdulti
SFR012 ,CorsoAdulti
PRG010 ,CorsoAdulti
RTN069 ,CorsoAdulti
CSL347 ,CorsoAdulti
SNT084 ,CorsoAdulti
TLL042 ,CorsoAdulti
FLN183 ,CorsoAdulti
FMT019 ,CorsoAdulti
CNT040 ,CorsoAdulti
TML022 ,CorsoAdulti
PCL032 ,CorsoAdulti
MML036 ,CorsoAdulti
MRC092 ,CorsoAdulti
MTT063 ,CorsoAdulti
RSD110 ,CorsoAdulti
FSR015 ,CorsoAdulti
LLS002 ,CorsoAdulti
PRC354 ,CorsoAdulti
NBC012 ,CorsoAdulti
FRT250 ,CorsoAdulti
QLR004 ,CorsoAdulti
RSN196 ,CorsoAdulti
VVL015 ,CorsoAdulti
FBN057 ,CorsoAdulti
TSL003 ,CorsoAdulti
GNT122 ,CorsoAdulti
FLN184 ,CorsoAdulti
CRZ196 ,CorsoAdulti
RSR100 ,CorsoAdulti
CMS050 ,CorsoAdulti
CMC119 ,CorsoAdulti
RPN003 ,CorsoAdulti
RFN038 ,CorsoAdulti
SSN018 ,CorsoAdulti
SBL017 ,CorsoAdulti
CSL353 ,CorsoAdulti
SLZ063 ,CorsoAdulti
VNR036 ,CorsoAdulti
MNL522 ,CorsoAdulti
MNL126 ,CorsoAdulti
NTL016 ,CorsoAdulti
MRL872 ,CorsoAdulti
NGL095 ,CorsoAdulti
MST151 ,CorsoAdulti
RLL071 ,CorsoAdulti
BGN107 ,CorsoAdulti
SCN099 ,CorsoAdulti
LMD011 ,Studente
RSZ114 ,CorsoAdulti
BRR164 ,CorsoAdulti
BZS002 ,CorsoAdulti
SCR044 ,CorsoAdulti
PNR084 ,CorsoAdulti
VTR070 ,CorsoAdulti
MZD013 ,CorsoAdulti
VGZ005 ,CorsoAdulti
RTN101 ,CorsoAdulti
NRL030 ,CorsoAdulti
PTG012 ,CorsoAdulti
LPR082 ,CorsoAdulti
DRL168 ,CorsoAdulti
MRC129 ,CorsoAdulti
DNT109 ,Studente
NSG009 ,CorsoAdulti
SPL202 ,CorsoAdulti
CVV009 ,CorsoAdulti
CRR665 ,CorsoAdulti
BRT454 ,CorsoAdulti
CNN400 ,CorsoAdulti
FRD059 ,CorsoAdulti
GNL227 ,CorsoAdulti
TRC245 ,Studente
RDL062 ,CorsoAdulti
MSR051 ,CorsoAdulti
BCR099 ,CorsoAdulti
MTR021 ,CorsoAdulti
DRS024 ,CorsoAdulti
NTR101 ,CorsoAdulti
CRN172 ,CorsoAdulti
MRR752 ,CorsoAdulti
MRC499 ,CorsoAdulti
CRL717 ,CorsoAdulti
FNR113 ,CorsoAdulti
CMT088 ,CorsoAdulti
PSC138 ,CorsoAdulti
CCR198 ,CorsoAdulti
VLN304 ,CorsoAdulti
DBS022 ,CorsoAdulti
BGC004 ,CorsoAdulti
BRS237 ,CorsoAdulti
MLN257 ,CorsoAdulti
MNN142 ,CorsoAdulti
SCL379 ,CorsoAdulti
MCL030 ,CorsoAdulti
BNT061 ,CorsoAdulti
GNT117 ,CorsoAdulti
CNC027 ,CorsoAdulti
RMD071 ,CorsoAdulti
TRN485 ,CorsoAdulti
ZNL031 ,CorsoAdulti
CNZ021 ,CorsoAdulti
GNS045 ,CorsoAdulti
SLL065 ,CorsoAdulti
BNC198 ,CorsoAdulti
FRN162 ,Studente
LZL052 ,CorsoAdulti
GRT249 ,CorsoAdulti
PCR045 ,CorsoAdulti
BLN446 ,CorsoAdulti
CCT018 ,CorsoAdulti
SNN301 ,Studente
MRT376 ,CorsoAdulti
LMN137 ,CorsoAdulti
DCN121 ,CorsoAdulti
PRC311 ,CorsoAdulti
VRN156 ,CorsoAdulti
DML241 ,CorsoAdulti
MRL802 ,CorsoAdulti
VNN047 ,CorsoAdulti
FLG025 ,Studente
BRM098 ,CorsoAdulti
GRT124 ,CorsoAdulti
SST001 ,CorsoAdulti
SRG005 ,CorsoAdulti
TGC028 ,CorsoAdulti
PCN155 ,CorsoAdulti
DML213 ,CorsoAdulti
MNN693 ,CorsoAdulti
SLZ018 ,CorsoAdulti
BRX146 ,CorsoAdulti
CRD084 ,CorsoAdulti
PRL559 ,CorsoAdulti
BCR101 ,CorsoAdulti
SNT110 ,Studente
PSN036 ,CorsoAdulti
DLR016 ,CorsoAdulti
BLN455 ,CorsoAdulti
MML034 ,CorsoAdulti
GVG015 ,CorsoAdulti
TRG033 ,CorsoAdulti
MSD110 ,CorsoAdulti
RGC016 ,CorsoAdulti
CRS040 ,CorsoAdulti
CVL021 ,CorsoAdulti
PGN050 ,CorsoAdulti
PRM008 ,CorsoAdulti
BRN291 ,CorsoAdulti
TMR022 ,CorsoAdulti
MRR141 ,CorsoAdulti
TVL019 ,CorsoAdulti
CMP036 ,CorsoAdulti
GFN024 ,Studente
MRR835 ,CorsoAdulti
TNT046 ,CorsoAdulti
DDN075 ,CorsoAdulti
LPN114 ,CorsoAdulti
CFZ006 ,CorsoAdulti
MDL015 ,CorsoAdulti
FGB004 ,CorsoAdulti
CHN043 ,CorsoAdulti
CTR020 ,CorsoAdulti
SCG020 ,CorsoAdulti
ZCR055 ,CorsoAdulti
SLQ001 ,CorsoAdulti
CNC166 ,CorsoAdulti
CHS013 ,CorsoAdulti
LLR052 ,Studente
BRG199 ,CorsoAdulti
BRL896 ,CorsoAdulti
MSM035 ,CorsoAdulti
DBL084 ,CorsoAdulti
MNS038 ,CorsoAdulti
SNR215 ,CorsoAdulti
PLL402 ,CorsoAdulti
BCT060 ,CorsoAdulti
SPC035 ,CorsoAdulti
DLL093 ,CorsoAdulti
SSN016 ,CorsoAdulti
CPD076 ,CorsoAdulti
DFN023 ,CorsoAdulti
SCS019 ,CorsoAdulti
DGR086 ,CorsoAdulti
MGL150 ,CorsoAdulti
RSL322 ,CorsoAdulti
NCC059 ,CorsoAdulti
TRL444 ,CorsoAdulti
TRN487 ,CorsoAdulti
CLD131 ,CorsoAdulti
SRC129 ,CorsoAdulti
RSP007 ,CorsoAdulti
CTT057 ,CorsoAdulti
BLC209 ,CorsoAdulti
MNT242 ,CorsoAdulti
BRR779 ,CorsoAdulti
BZN011 ,CorsoAdulti
ZNT060 ,CorsoAdulti
FBN064 ,CorsoAdulti
TGR038 ,CorsoAdulti
PTV010 ,CorsoAdulti
CNZ025 ,CorsoAdulti
BRZ229 ,CorsoAdulti
BTR037 ,CorsoAdulti
PRN533 ,CorsoAdulti
CRL743 ,CorsoAdulti
BTL024 ,CorsoAdulti
PLB003 ,CorsoAdulti
CRC093 ,CorsoAdulti
DML227 ,CorsoAdulti
GRZ028 ,CorsoAdulti
MGN041 ,CorsoAdulti
DMC105 ,CorsoAdulti
DPC034 ,CorsoAdulti
TCL038 ,CorsoAdulti
DML215 ,CorsoAdulti
SRL231 ,CorsoAdulti
CHS010 ,CorsoAdulti
BRL101 ,CorsoAdulti
MCT022 ,CorsoAdulti
RNT019 ,CorsoAdulti
FRN757 ,CorsoAdulti
CNN077 ,CorsoAdulti
MNN720 ,CorsoAdulti
SDN023 ,CorsoAdulti
VZN031 ,CorsoAdulti
CRD088 ,CorsoAdulti
BRL859 ,CorsoAdulti
RNP004 ,CorsoAdulti
NDR008 ,CorsoAdulti
PLC260 ,CorsoAdulti
CCZ062 ,CorsoAdulti
PGC081 ,CorsoAdulti
BNG114 ,CorsoAdulti
CSZ021 ,CorsoAdulti
CNN072 ,CorsoAdulti
CRR234 ,CorsoAdulti
TNT045 ,CorsoAdulti
CNC038 ,CorsoAdulti
GCL053 ,CorsoAdulti
PLL100 ,CorsoAdulti
LNN279 ,CorsoAdulti
GNN308 ,CorsoAdulti
FLD052 ,CorsoAdulti
TNZ003 ,CorsoAdulti
BRG210 ,CorsoAdulti
PRC131 ,CorsoAdulti
HTF001 ,CorsoAdulti
SDD004 ,CorsoAdulti
CDG001 ,CorsoAdulti
PZR008 ,CorsoAdulti
RCL172 ,CorsoAdulti
DVL063 ,CorsoAdulti
BGT042 ,CorsoAdulti
CHN052 ,CorsoAdulti
BLP015 ,CorsoAdulti
TTR043 ,CorsoAdulti
FRR532 ,CorsoAdulti
SCR314 ,CorsoAdulti
PNZ050 ,CorsoAdulti
PGL137 ,CorsoAdulti
RCN238 ,CorsoAdulti
MNN723 ,CorsoAdulti
DCS034 ,CorsoAdulti
CRT164 ,CorsoAdulti
BRR224 ,CorsoAdulti
PSR213 ,Studente
BRR172 ,CorsoAdulti
BLB021 ,CorsoAdulti
NGL030 ,CorsoAdulti
TSN077 ,CorsoAdulti
FRN203 ,CorsoAdulti
PCC102 ,CorsoAdulti
TRN308 ,CorsoAdulti
FRL632 ,CorsoAdulti
NTT050 ,CorsoAdulti
NRR057 ,CorsoAdulti
LPD031 ,CorsoAdulti
MLN048 ,CorsoAdulti
FRR587 ,CorsoAdulti
ZCN059 ,CorsoAdulti
FRL184 ,CorsoAdulti
NMZ002 ,CorsoAdulti
SNN311 ,Studente
PCD052 ,CorsoAdulti
VRR137 ,CorsoAdulti
DNN292 ,CorsoAdulti
SNL072 ,CorsoAdulti
SCL064 ,CorsoAdulti
PNL258 ,CorsoAdulti
DND071 ,CorsoAdulti
FNT010 ,CorsoAdulti
CLR236 ,CorsoAdulti
VST001 ,CorsoAdulti
PSZ055 ,CorsoAdulti
MSC170 ,CorsoAdulti
ZTS004 ,CorsoAdulti
TNN110 ,CorsoAdulti
PNC144 ,CorsoAdulti
RCN243 ,CorsoAdulti
FRL140 ,CorsoAdulti
BRL974 ,CorsoAdulti
VNL150 ,CorsoAdulti
GVC030 ,CorsoAdulti
GRR468 ,CorsoAdulti
PZN023 ,CorsoAdulti
FRL642 ,CorsoAdulti
CHZ037 ,CorsoAdulti
PRL518 ,CorsoAdulti
GNL047 ,CorsoAdulti
CRL125 ,CorsoAdulti
PRT071 ,CorsoAdulti
RMD070 ,CorsoAdulti
GRR493 ,CorsoAdulti
CCN269 ,CorsoAdulti
CRL739 ,CorsoAdulti
CLL084 ,CorsoAdulti
TRD047 ,CorsoAdulti
DLS018 ,CorsoAdulti
TTZ011 ,CorsoAdulti
CSL086 ,CorsoAdulti
SCC097 ,CorsoAdulti
ZRR013 ,CorsoAdulti
DRL164 ,CorsoAdulti
DCT058 ,CorsoAdulti
LBC076 ,CorsoAdulti
MLN259 ,CorsoAdulti
CNL371 ,CorsoAdulti
GSN021 ,CorsoAdulti
GCR018 ,CorsoAdulti
MSB002 ,CorsoAdulti
FLG005 ,CorsoAdulti
PRL092 ,CorsoAdulti
FRN813 ,CorsoAdulti
FLN196 ,CorsoAdulti
LPZ001 ,CorsoAdulti
RLR016 ,CorsoAdulti
CTR112 ,Studente
MGC097 ,CorsoAdulti
MRZ027 ,CorsoAdulti
NCL081 ,Studente
MGN160 ,CorsoAdulti
CRQ001 ,CorsoAdulti
PGG035 ,CorsoAdulti
MNL120 ,CorsoAdulti
SLL092 ,CorsoAdulti
DLR318 ,CorsoAdulti
VNB001 ,CorsoAdulti
MNP029 ,CorsoAdulti
PZN022 ,CorsoAdulti
BRD325 ,CorsoAdulti
VLN291 ,CorsoAdulti
LNC131 ,CorsoAdulti
RTC015 ,CorsoAdulti
CPN003 ,CorsoAdulti
FRT274 ,CorsoAdulti
SCZ097 ,CorsoAdulti
MFM005 ,CorsoAdulti
FRN747 ,CorsoAdulti
BLL371 ,CorsoAdulti
DRT068 ,CorsoAdulti
RCN086 ,CorsoAdulti
VSM009 ,CorsoAdulti
PRN536 ,CorsoAdulti
GNR063 ,CorsoAdulti
FCN069 ,CorsoAdulti
SPB015 ,Studente
PCS043 ,CorsoAdulti
CRG208 ,CorsoAdulti
SVZ003 ,CorsoAdulti
DSC076 ,CorsoAdulti
RVR082 ,CorsoAdulti
CSR062 ,CorsoAdulti
MNL088 ,CorsoAdulti
CPR222 ,CorsoAdulti
GRN719 ,CorsoAdulti
NMT004 ,CorsoAdulti
MDZ017 ,CorsoAdulti
MRC084 ,CorsoAdulti
NBG001 ,CorsoAdulti
MSL262 ,CorsoAdulti
MLL281 ,CorsoAdulti
PLT036 ,CorsoAdulti
BRL752 ,CorsoAdulti
MNN682 ,CorsoAdulti
DNP028 ,CorsoAdulti
BVT018 ,CorsoAdulti
TTR044 ,CorsoAdulti
MRD070 ,CorsoAdulti
NTN129 ,CorsoAdulti
NGD040 ,CorsoAdulti
DRL169 ,CorsoAdulti
RGS040 ,Studente
CRT093 ,CorsoAdulti
PZV007 ,CorsoAdulti
STN260 ,CorsoAdulti
PLL178 ,CorsoAdulti
PLM035 ,CorsoAdulti
VNL151 ,CorsoAdulti
LDN013 ,CorsoAdulti
DLR309 ,CorsoAdulti
FRN749 ,CorsoAdulti
GNR224 ,CorsoAdulti
RNC090 ,CorsoAdulti
FRZ158 ,CorsoAdulti
STC138 ,CorsoAdulti
GST057 ,CorsoAdulti
RST032 ,CorsoAdulti
GSR087 ,CorsoAdulti
DNN211 ,CorsoAdulti
MTT056 ,CorsoAdulti
MNR083 ,CorsoAdulti
CDR020 ,CorsoAdulti
BRB012 ,CorsoAdulti
CTC022 ,CorsoAdulti
FRC428 ,CorsoAdulti
LZN054 ,CorsoAdulti
MZR111 ,CorsoAdulti
SFL017 ,CorsoAdulti
SLN276 ,CorsoAdulti
CNB029 ,CorsoAdulti
RVT014 ,CorsoAdulti
PGN130 ,CorsoAdulti
DDT029 ,CorsoAdulti
FBL011 ,CorsoAdulti
DLL436 ,CorsoAdulti
MLL280 ,CorsoAdulti
GCN061 ,CorsoAdulti
RNN203 ,CorsoAdulti
PMC005 ,CorsoAdulti
SLN277 ,CorsoAdulti
LDP006 ,CorsoAdulti
PLT200 ,CorsoAdulti
LLN046 ,CorsoAdulti
BRL973 ,CorsoAdulti
MRS241 ,CorsoAdulti
CRL800 ,CorsoAdulti
ZCD027 ,CorsoAdulti
PTC090 ,CorsoAdulti
LGZ005 ,CorsoAdulti
VRR037 ,CorsoAdulti
BLP023 ,CorsoAdulti
CRN161 ,CorsoAdulti
SNN292 ,CorsoAdulti
PLN436 ,CorsoAdulti
CMN021 ,CorsoAdulti
SRR042 ,CorsoAdulti
VLN054 ,CorsoAdulti
DSL046 ,CorsoAdulti
MRM037 ,CorsoAdulti
SPC126 ,CorsoAdulti
BLC187 ,CorsoAdulti
MRD281 ,CorsoAdulti
CNL338 ,CorsoAdulti
TRR364 ,CorsoAdulti
BRZ222 ,CorsoAdulti
LDN011 ,CorsoAdulti
DNN275 ,CorsoAdulti
SCR070 ,CorsoAdulti
CQT006 ,CorsoAdulti
FRC466 ,CorsoAdulti
VNC016 ,CorsoAdulti
BRP143 ,CorsoAdulti
LHT001 ,CorsoAdulti
CSL387 ,CorsoAdulti
MNT007 ,CorsoAdulti
TMN106 ,CorsoAdulti
MDN020 ,CorsoAdulti
ZRC026 ,CorsoAdulti
CTL135 ,CorsoAdulti
MCZ025 ,CorsoAdulti
ZPP003 ,CorsoAdulti
NGR095 ,CorsoAdulti
DMC143 ,CorsoAdulti
SRL065 ,CorsoAdulti
RTR059 ,CorsoAdulti
MNN685 ,CorsoAdulti
CRN204 ,CorsoAdulti
MKD002 ,CorsoAdulti
VRZ006 ,CorsoAdulti
CLT165 ,CorsoAdulti
GRL128 ,CorsoAdulti
LNR182 ,CorsoAdulti
PLN422 ,CorsoAdulti
ZZR030 ,CorsoAdulti
PNN063 ,CorsoAdulti
MNN728 ,CorsoAdulti
GRM016 ,CorsoAdulti
FRM025 ,CorsoAdulti
GRC077 ,CorsoAdulti
VCZ001 ,CorsoAdulti
DLS022 ,CorsoAdulti
RMG032 ,CorsoAdulti
RDD008 ,CorsoAdulti
FSN085 ,CorsoAdulti
NVS011 ,CorsoAdulti
PTT082 ,CorsoAdulti
SRN232 ,CorsoAdulti
CRR152 ,CorsoAdulti
MNZ145 ,CorsoAdulti
DLR055 ,CorsoAdulti
CTN168 ,CorsoAdulti
GRB042 ,CorsoAdulti
RSD027 ,CorsoAdulti
GZT004 ,CorsoAdulti
BNR075 ,CorsoAdulti
GVT005 ,CorsoAdulti
LCN158 ,CorsoAdulti
ZZR028 ,CorsoAdulti
TDN065 ,CorsoAdulti
PLT182 ,CorsoAdulti
RCT075 ,CorsoAdulti
CSN416 ,CorsoAdulti
CRN199 ,CorsoAdulti
GBL009 ,CorsoAdulti
GLN361 ,CorsoAdulti
RVC056 ,CorsoAdulti
BGN044 ,CorsoAdulti
RSR063 ,CorsoAdulti
PTN202 ,CorsoAdulti
CRR096 ,CorsoAdulti
GNR214 ,Studente
DGG004 ,CorsoAdulti
GNC095 ,CorsoAdulti
FGD016 ,CorsoAdulti
BRN313 ,CorsoAdulti
BNT181 ,CorsoAdulti
GCN019 ,CorsoAdulti
ZCP006 ,CorsoAdulti
LQT002 ,CorsoAdulti
GRC127 ,CorsoAdulti
GRN716 ,CorsoAdulti
RGN158 ,CorsoAdulti
GHT037 ,CorsoAdulti
TLD002 ,CorsoAdulti
MRL220 ,CorsoAdulti
RZN089 ,CorsoAdulti
CTL149 ,CorsoAdulti
PRL554 ,CorsoAdulti
BCL089 ,CorsoAdulti
GRS007 ,CorsoAdulti
LDL008 ,CorsoAdulti
GNR206 ,CorsoAdulti
CNS014 ,CorsoAdulti
MRN970 ,Studente
MND236 ,CorsoAdulti
DNL247 ,CorsoAdulti
MRS237 ,CorsoAdulti
LFL034 ,CorsoAdulti
MSZ012 ,CorsoAdulti
DVN007 ,CorsoAdulti
GCC028 ,CorsoAdulti
SCL383 ,CorsoAdulti
PJN004 ,CorsoAdulti
MRN969 ,CorsoAdulti
GRC322 ,CorsoAdulti
PTN064 ,CorsoAdulti
NGN120 ,CorsoAdulti
VLL241 ,CorsoAdulti
FRL618 ,CorsoAdulti
CNR104 ,CorsoAdulti
MSR305 ,CorsoAdulti
PCR035 ,CorsoAdulti
SVN083 ,CorsoAdulti
VCL062 ,CorsoAdulti
CML056 ,CorsoAdulti
FNG007 ,CorsoAdulti
LCN078 ,CorsoAdulti
SST003 ,CorsoAdulti
GFR014 ,CorsoAdulti
NCD035 ,CorsoAdulti
CNZ081 ,CorsoAdulti
MRF017 ,CorsoAdulti
DMS006 ,Studente
PDD005 ,CorsoAdulti
BTC021 ,CorsoAdulti
CRL724 ,CorsoAdulti
RTS005 ,CorsoAdulti
NCL015 ,CorsoAdulti
DTR032 ,CorsoAdulti
GSD042 ,CorsoAdulti
TRM035 ,CorsoAdulti
DGL126 ,CorsoAdulti
LLT035 ,CorsoAdulti
BLL378 ,CorsoAdulti
RGM023 ,Studente
GHC033 ,CorsoAdulti
MNG149 ,CorsoAdulti
BGG019 ,CorsoAdulti
CCN273 ,CorsoAdulti
BTN050 ,CorsoAdulti
BLC188 ,CorsoAdulti
BNG105 ,CorsoAdulti
BSP011 ,CorsoAdulti
SPT080 ,CorsoAdulti
DGC075 ,CorsoAdulti
TRV035 ,CorsoAdulti
BLR309 ,CorsoAdulti
BRG029 ,CorsoAdulti
VNZ013 ,CorsoAdulti
BLR066 ,CorsoAdulti
ZZT020 ,CorsoAdulti
VNT078 ,CorsoAdulti
GHR058 ,CorsoAdulti
SLD033 ,CorsoAdulti
BRX022 ,CorsoAdulti
MZR110 ,CorsoAdulti
RCL175 ,CorsoAdulti
DLC168 ,CorsoAdulti
BRZ224 ,CorsoAdulti
MBC003 ,CorsoAdulti
RVN027 ,CorsoAdulti
BBN025 ,CorsoAdulti
BLZ087 ,CorsoAdulti
SRN238 ,CorsoAdulti
RML158 ,CorsoAdulti
PGR116 ,CorsoAdulti
LNL031 ,CorsoAdulti
BNL083 ,Studente
DSP001 ,CorsoAdulti
DMN057 ,CorsoAdulti
BRT508 ,CorsoAdulti
PLZ078 ,CorsoAdulti
BLZ012 ,CorsoAdulti
STD024 ,CorsoAdulti
BLN084 ,CorsoAdulti
FRD073 ,CorsoAdulti
STR183 ,CorsoAdulti
BRR215 ,CorsoAdulti
TLT002 ,CorsoAdulti
RGN046 ,CorsoAdulti
CPN261 ,CorsoAdulti
LCR120 ,CorsoAdulti
CHC101 ,CorsoAdulti
BNN507 ,CorsoAdulti
MRT383 ,CorsoAdulti
GML092 ,CorsoAdulti
BCL099 ,CorsoAdulti
FRN158 ,CorsoAdulti
LVR017 ,CorsoAdulti
PSL196 ,CorsoAdulti
SLN284 ,CorsoAdulti
DNC107 ,CorsoAdulti
DST066 ,CorsoAdulti
GRL559 ,CorsoAdulti
RCL191 ,CorsoAdulti
MSL077 ,CorsoAdulti
JMD001 ,CorsoAdulti
TMZ025 ,CorsoAdulti
FRS040 ,CorsoAdulti
NCR010 ,CorsoAdulti
TMN112 ,CorsoAdulti
BLD033 ,CorsoAdulti
LPN118 ,CorsoAdulti
BRR226 ,CorsoAdulti
MRR123 ,CorsoAdulti
CNT169 ,CorsoAdulti
PLT191 ,CorsoAdulti
SCR344 ,CorsoAdulti
PSN052 ,CorsoAdulti
BLR283 ,CorsoAdulti
GRT267 ,CorsoAdulti
PRR095 ,CorsoAdulti
PLL062 ,CorsoAdulti
FGT020 ,CorsoAdulti
RGL041 ,CorsoAdulti
MRC546 ,Studente
RBZ021 ,CorsoAdulti
SPD013 ,CorsoAdulti
LMR015 ,CorsoAdulti
GRR243 ,CorsoAdulti
CRR117 ,CorsoAdulti
PTP011 ,CorsoAdulti
CDR001 ,CorsoAdulti
FLR028 ,CorsoAdulti
CRD082 ,CorsoAdulti
CNB008 ,CorsoAdulti
BNL389 ,CorsoAdulti
RSC033 ,CorsoAdulti
GSL100 ,CorsoAdulti
GRF016 ,CorsoAdulti
CCT046 ,CorsoAdulti
SRM030 ,CorsoAdulti
SRV012 ,CorsoAdulti
LRN108 ,CorsoAdulti
BLG028 ,CorsoAdulti
DGP022 ,CorsoAdulti
DGL131 ,CorsoAdulti
BTR152 ,CorsoAdulti
CSL378 ,Studente
MRN851 ,CorsoAdulti
FRN755 ,CorsoAdulti
GGN100 ,CorsoAdulti
NDG002 ,CorsoAdulti
PSL042 ,CorsoAdulti
PVT016 ,CorsoAdulti
MNL518 ,CorsoAdulti
SCT200 ,CorsoAdulti
MNZ036 ,CorsoAdulti
MGR065 ,CorsoAdulti
VNL009 ,CorsoAdulti
CRC405 ,CorsoAdulti
LCB009 ,CorsoAdulti
CRL710 ,CorsoAdulti
DPL084 ,CorsoAdulti
MSR036 ,CorsoAdulti
GFN026 ,CorsoAdulti
SCC213 ,CorsoAdulti
PLN431 ,CorsoAdulti
VVZ005 ,CorsoAdulti
SMN115 ,CorsoAdulti
GRT041 ,CorsoAdulti
LVN123 ,CorsoAdulti
SZT001 ,CorsoAdulti
FRN815 ,CorsoAdulti
LBR087 ,CorsoAdulti
MLN250 ,CorsoAdulti
CCN065 ,CorsoAdulti
GLR255 ,Studente
TRG032 ,CorsoAdulti
PRB003 ,CorsoAdulti
FRN165 ,CorsoAdulti
GRL116 ,CorsoAdulti
GHR031 ,CorsoAdulti
FLD054 ,CorsoAdulti
BRL902 ,CorsoAdulti
PRV011 ,CorsoAdulti
RSD021 ,CorsoAdulti
BLN432 ,CorsoAdulti
QRC018 ,CorsoAdulti
BTV012 ,CorsoAdulti
TST007 ,CorsoAdulti
VLZ013 ,CorsoAdulti
MSN363 ,CorsoAdulti
DLS101 ,CorsoAdulti
HRR004 ,CorsoAdulti
CSN091 ,CorsoAdulti
ZRN046 ,CorsoAdulti
BRT477 ,CorsoAdulti
CRL119 ,CorsoAdulti
LNC132 ,CorsoAdulti
TCZ012 ,Studente
FDS021 ,CorsoAdulti
ZLC012 ,CorsoAdulti
DSZ032 ,CorsoAdulti
GTL050 ,CorsoAdulti
VLN062 ,CorsoAdulti
THZ003 ,CorsoAdulti
FLT079 ,CorsoAdulti
RGR105 ,CorsoAdulti
DMR007 ,CorsoAdulti
SRR037 ,CorsoAdulti
GSR016 ,CorsoAdulti
FCC003 ,CorsoAdulti
VCL013 ,CorsoAdulti
LPZ006 ,CorsoAdulti
CSZ095 ,CorsoAdulti
RNN043 ,CorsoAdulti
CHC042 ,CorsoAdulti
CPT081 ,CorsoAdulti
DDN071 ,CorsoAdulti
GSC069 ,CorsoAdulti
MZR121 ,CorsoAdulti
BRL164 ,CorsoAdulti
MGT014 ,CorsoAdulti
GRR095 ,CorsoAdulti
RFL002 ,CorsoAdulti
MGN159 ,CorsoAdulti
GZL009 ,CorsoAdulti
CPL050 ,CorsoAdulti
VTZ022 ,CorsoAdulti
PRC312 ,CorsoAdulti
MZN162 ,CorsoAdulti
MTL126 ,CorsoAdulti
LCR113 ,CorsoAdulti
DSC079 ,CorsoAdulti
GZC003 ,CorsoAdulti
CPT083 ,CorsoAdulti
GMC013 ,CorsoAdulti
GBL055 ,CorsoAdulti
RVN093 ,CorsoAdulti
CHL007 ,CorsoAdulti
DML057 ,CorsoAdulti
SHN012 ,Studente
GBT027 ,Studente
DTL054 ,CorsoAdulti
CMR037 ,CorsoAdulti
RCT110 ,CorsoAdulti
CSL380 ,CorsoAdulti
GSR091 ,CorsoAdulti
PRN562 ,CorsoAdulti
CRS199 ,CorsoAdulti
MGL024 ,CorsoAdulti
SNL057 ,CorsoAdulti
CSS027 ,CorsoAdulti
BSN230 ,CorsoAdulti
GRG037 ,CorsoAdulti
TGR039 ,CorsoAdulti
PLR320 ,CorsoAdulti
RVR070 ,CorsoAdulti
RSN418 ,CorsoAdulti
CCN143 ,CorsoAdulti
BRN225 ,CorsoAdulti
SCZ101 ,CorsoAdulti
MLL248 ,CorsoAdulti
PRN613 ,CorsoAdulti
LPL021 ,CorsoAdulti
MBL029 ,CorsoAdulti
SRN054 ,CorsoAdulti
DPL094 ,CorsoAdulti
DCN006 ,CorsoAdulti
VLN296 ,CorsoAdulti
VNT087 ,CorsoAdulti
PZR022 ,CorsoAdulti
VLR222 ,CorsoAdulti
RDL064 ,CorsoAdulti
MLG054 ,CorsoAdulti
MSV006 ,CorsoAdulti
BNR386 ,CorsoAdulti
LNM003 ,CorsoAdulti
STR209 ,CorsoAdulti
FRN743 ,CorsoAdulti
SCC169 ,CorsoAdulti
PSN272 ,CorsoAdulti
MNC344 ,CorsoAdulti
PDT039 ,CorsoAdulti
TML111 ,CorsoAdulti
CMN035 ,CorsoAdulti
MSV009 ,CorsoAdulti
DTL016 ,CorsoAdulti
RVD044 ,CorsoAdulti
RCZ009 ,CorsoAdulti
PLR350 ,CorsoAdulti
GNL226 ,CorsoAdulti
TSC053 ,CorsoAdulti
VNR060 ,CorsoAdulti
MRL818 ,CorsoAdulti
TRN520 ,CorsoAdulti
MRZ003 ,CorsoAdulti
MRG179 ,CorsoAdulti
RNC056 ,CorsoAdulti
RCR165 ,CorsoAdulti
MNG005 ,CorsoAdulti
SNR195 ,CorsoAdulti
FLT074 ,CorsoAdulti
PSD077 ,CorsoAdulti
BRT513 ,CorsoAdulti
MST158 ,Studente
GSN011 ,CorsoAdulti
CPL182 ,CorsoAdulti
NBL008 ,CorsoAdulti
BTV010 ,CorsoAdulti
LVS023 ,CorsoAdulti
BTS034 ,CorsoAdulti
ZZN002 ,CorsoAdulti
PSN240 ,CorsoAdulti
PLR327 ,Studente
CSC238 ,CorsoAdulti
BRD308 ,CorsoAdulti
PRL150 ,CorsoAdulti
SRT108 ,CorsoAdulti
BRC562 ,CorsoAdulti
MCR130 ,CorsoAdulti
BNN520 ,CorsoAdulti
CNL060 ,CorsoAdulti
CLR268 ,CorsoAdulti
NTC055 ,CorsoAdulti
MZV003 ,CorsoAdulti
BRL848 ,CorsoAdulti
SCN093 ,CorsoAdulti
VSV007 ,CorsoAdulti
RNN073 ,CorsoAdulti
BRZ223 ,CorsoAdulti
GBN049 ,CorsoAdulti
FNL111 ,CorsoAdulti
MNZ080 ,CorsoAdulti
DBN018 ,CorsoAdulti
DCR093 ,CorsoAdulti
BND053 ,CorsoAdulti
MBD009 ,CorsoAdulti
SCG024 ,CorsoAdulti
PLR059 ,CorsoAdulti
SCC042 ,CorsoAdulti
CSC054 ,CorsoAdulti
FRL127 ,CorsoAdulti
CRN935 ,CorsoAdulti
CBL031 ,CorsoAdulti
PLP007 ,CorsoAdulti
TZL002 ,CorsoAdulti
FRN739 ,CorsoAdulti
BLT162 ,CorsoAdulti
BRN431 ,CorsoAdulti
BND047 ,CorsoAdulti
BLL059 ,CorsoAdulti
SML023 ,CorsoAdulti
RTT036 ,CorsoAdulti
LLN068 ,CorsoAdulti
BRN999 ,CorsoAdulti
MTL120 ,CorsoAdulti
TRC051 ,CorsoAdulti
SLC016 ,CorsoAdulti
BLR292 ,CorsoAdulti
BRT456 ,CorsoAdulti
CRL618 ,CorsoAdulti
GTN079 ,CorsoAdulti
MSC192 ,CorsoAdulti
MSN328 ,CorsoAdulti
CBN008 ,CorsoAdulti
SCD129 ,CorsoAdulti
CRN873 ,CorsoAdulti
DTD003 ,CorsoAdulti
PDC033 ,CorsoAdulti
RLV006 ,CorsoAdulti
VDR007 ,CorsoAdulti
FCN073 ,CorsoAdulti
RCG007 ,CorsoAdulti
MRD053 ,CorsoAdulti
CBR017 ,CorsoAdulti
NGL026 ,CorsoAdulti
CRL793 ,CorsoAdulti
TRG030 ,CorsoAdulti
